name,depth,hidden,in_dim,epochs,lr,batch,seed,epoch,pair_acc,pair_sep,wout_rho,seed_mse_asc,seed_mse_desc,hc_asc,hc_desc,wout_norms,sa_asc,sa_desc,train_loss
d8_h32,8,32,16,200,0.003,256,0,0,0.25,-0.513638213507933,0.1666666666666667,4.8490491505616395,4.033101619798326,4.021496778126812,4.030042696199687,"[2.347202592742915, 2.260971417437982, 2.2174161961710426, 2.3032826555640655, 2.344082833208727, 2.357241150707518, 2.2812745997616077, 2.3264413127061214]",3.9000411914271718,3.9000411914271718,4.09855318069458
d8_h32,8,32,16,200,0.003,256,0,1,0.75,-0.5062245544124055,-0.30952380952380953,1.2909553102147178,0.9138298462236543,1.107334057354447,0.8076591608678464,"[2.4283676303864943, 2.375837492267845, 2.2881877086673486, 2.3651449443397543, 2.379381584293405, 2.3867632411817965, 2.369665599573113, 2.3457473889022125]",0.7843264755859466,0.7835492869794074,0.6670896410942078
d8_h32,8,32,16,200,0.003,256,0,2,0.75,-0.3887572458172874,-0.38095238095238104,1.217985383485907,0.8403355957857794,0.9821951028740731,0.6840607027443955,"[2.442706878328908, 2.388469319609027, 2.3039030050743525, 2.35884430681019, 2.3825139058170124, 2.4051423855460827, 2.367453329192505, 2.3453569728997654]",0.6840607027443955,0.6840607027443955,0.5569054484367371
d8_h32,8,32,16,200,0.003,256,0,5,1.0,-0.1641525716695002,-0.6666666666666669,1.4567792575405432,1.4105750704758282,0.999653572144741,0.201016569608615,"[2.641422295860173, 2.512945438970208, 2.489399025536243, 2.4662850235851344, 2.4941286212309546, 2.548119737827958, 2.408768433672957, 2.411483607213495]",0.201016569608615,0.201016569608615,0.20101654529571533
d8_h32,8,32,16,200,0.003,256,0,10,1.0,-0.13779731389110123,-0.5952380952380953,1.568898163500581,0.8538045281873003,0.47093497671422346,0.6643967747103265,"[2.790615140742269, 2.581452117509974, 2.5997878153190137, 2.571591442351117, 2.6287661043752184, 2.6257019762327696, 2.4635366659384714, 2.4909213052411054]",0.0867136565683935,0.0867136565683935,0.08671365678310394
d8_h32,8,32,16,200,0.003,256,0,25,1.0,-0.06344741260408238,-0.7857142857142858,1.6949929481151789,0.5954865912358134,0.4275027080200755,0.021698737801909944,"[2.889627672332776, 2.735755750002459, 2.731960076418678, 2.660036751349783, 2.771516411187078, 2.7172168073695233, 2.515613158672111, 2.5262355654633386]",0.021698737801909944,0.021698737801909944,0.021698737516999245
d8_h32,8,32,16,200,0.003,256,0,50,1.0,-0.01188762019205547,-0.8333333333333335,1.9461175158390294,0.5242903431234753,0.6333997958321606,0.013372212863724331,"[2.9588279674799276, 2.799178166417381, 2.8429341565700277, 2.7065377626113, 2.8268321851811242, 2.782084307169288, 2.5747084369285473, 2.5372559590845247]",0.013372212863724331,0.013372212863724331,0.013372210785746574
d8_h32,8,32,16,200,0.003,256,0,100,1.0,0.01011115548141528,-0.8333333333333335,1.8876013865323134,0.532039226108243,1.421861753193764,0.009712614921912095,"[3.0396063897618077, 2.85898264139464, 2.928904205053063, 2.756089225240848, 2.8926729187856246, 2.854581481559683, 2.597955856735695, 2.5514520248135963]",0.009712614921912095,0.009712614921912095,0.009712614119052887
d8_h32,8,32,16,200,0.003,256,0,200,1.0,0.02088513412473414,-0.7380952380952381,1.7823081157680867,0.9395546399586623,0.6650046447819059,0.008251857172529442,"[3.069533185978439, 2.8824931406368712, 2.965372740865677, 2.7817335595073267, 2.9253269936273005, 2.8848443561211305, 2.6112993403412936, 2.5609068176717917]",0.008251857172529442,0.008251857172529442,0.008251859806478024
d8_h32,8,32,16,200,0.003,256,1,0,0.125,-0.743933610283263,-0.11904761904761905,3.800487754000093,5.110735779623489,3.766600487447847,4.020689691541889,"[2.3220606097089855, 2.3285387351638516, 2.347841634877482, 2.288932521015918, 2.35342353650202, 2.3113277118477766, 2.334852996814341, 2.3120681452540537]",3.6923826086445004,3.6571474315084904,4.660956859588623
d8_h32,8,32,16,200,0.003,256,1,1,0.125,-0.5992537327338748,-0.38095238095238104,1.7523561322460155,1.7182318070163152,1.7230592847122412,1.6442340404087337,"[2.393782024390577, 2.360138908567245, 2.3724511664135934, 2.300170242666557, 2.3815484590213005, 2.3462847935748967, 2.3526294870636844, 2.3649496668420777]",1.558232744206572,1.558232744206572,0.6072177886962891
d8_h32,8,32,16,200,0.003,256,1,2,0.125,-0.4985796433902,-0.07142857142857144,1.8440047727898732,1.7375631213354013,1.713005051384312,1.633712773147247,"[2.409151638782673, 2.369359127222123, 2.3986057519308015, 2.3203881426478, 2.3782756059898413, 2.3492455190997985, 2.3789190073824966, 2.4018307220828756]",1.524106362763262,1.524106362763262,0.49967554211616516
d8_h32,8,32,16,200,0.003,256,1,5,0.25,-0.5577098976940599,0.0,1.461505727224931,1.7946554317977537,1.3668181481283828,1.4431788291443943,"[2.5749545166721513, 2.5091587802897855, 2.5769736445507863, 2.479920892769267, 2.456502688810384, 2.4510343493806324, 2.5167568850992117, 2.645142720806512]",1.296606424432627,1.296606424432627,0.17021386325359344
d8_h32,8,32,16,200,0.003,256,1,10,1.0,-0.3392045380917759,-0.1666666666666667,1.1311326539820006,0.545327954665079,0.07473373341972074,0.39601546283260564,"[2.665640839921582, 2.634291040207266, 2.7600837656982455, 2.5797132916225136, 2.54232412209559, 2.5884205939887535, 2.5921974573066007, 2.7014875169212407]",0.07473373341972074,0.07473373341972074,0.07473373413085938
d8_h32,8,32,16,200,0.003,256,1,25,1.0,-0.29231825453431176,-0.38095238095238104,1.3886198015379527,0.6805676650927669,0.13755082667563118,0.22227911961988403,"[2.717269552790146, 2.7931834441779024, 2.9570465370339436, 2.62688656821013, 2.6595613661008164, 2.757631743423812, 2.667203570471077, 2.7122689665913384]",0.021203209139530152,0.021203209139530152,0.021203206852078438
d8_h32,8,32,16,200,0.003,256,1,50,1.0,-0.32324327827411503,-0.4285714285714286,1.2524621223429813,0.5569290320949726,0.13253946738573383,0.2317116007012437,"[2.774556806739344, 2.866372077024795, 3.057388644117583, 2.6538983620996377, 2.7051024946322673, 2.802530957666749, 2.702886977074202, 2.7315105090996643]",0.01401788933753654,0.01401788933753654,0.014017891138792038
d8_h32,8,32,16,200,0.003,256,1,100,1.0,-0.3306936216393892,-0.523809523809524,1.188074632421744,0.6853634150574346,0.42721697047185486,0.22653252473834992,"[2.856264499159694, 2.9199361590503194, 3.1465797376234876, 2.6848826663624465, 2.7337517322652385, 2.8549117374887523, 2.75143950178503, 2.749721837959713]",0.010941870050195743,0.010941870050195743,0.010941869579255581
d8_h32,8,32,16,200,0.003,256,1,200,1.0,-0.34144945140562666,-0.5952380952380953,1.272352918648037,0.5571684514285784,0.4073415147323201,0.2573623362389051,"[2.8925330562996505, 2.9437353795476158, 3.18611070269803, 2.7003169640404443, 2.7559416094640574, 2.8838536430415624, 2.7817868237583276, 2.7552725051747964]",0.008860398700542563,0.008860398700542563,0.008860398083925247
d8_h32,8,32,16,200,0.003,256,2,0,0.375,-0.7524104434501007,-0.09523809523809526,3.2794692375806735,3.4383723075288044,2.9858353675703513,3.0573004296494766,"[2.2729073819818777, 2.3423851471691775, 2.2480318941911173, 2.300972301659253, 2.309205218950963, 2.331035170145028, 2.3199725734721777, 2.237881740983238]",2.947925451337798,2.947925451337798,3.771660566329956
d8_h32,8,32,16,200,0.003,256,2,1,0.375,-0.8622276111898137,-0.07142857142857144,1.4687633808271547,1.579663011380496,1.4114888194897084,1.4147048837593568,"[2.2828107765465764, 2.4166893976166928, 2.3455600786508124, 2.375472565166361, 2.3598935733299466, 2.3937362073378035, 2.387768218007433, 2.241787864245613]",1.2123995974752457,1.222243193156809,0.6220231652259827
d8_h32,8,32,16,200,0.003,256,2,2,0.375,-0.8348066074161109,-0.07142857142857144,1.380943764177804,1.434537462294731,1.2975022470022115,1.291794544128415,"[2.2776497045740367, 2.4414200741480205, 2.3575998803042797, 2.3921273446429185, 2.364878080970185, 2.4063126643148465, 2.4055233882206863, 2.245612106548183]",1.1363891529564751,1.1482974955852372,0.5643744468688965
d8_h32,8,32,16,200,0.003,256,2,5,0.625,-0.7441996717356588,-0.2380952380952381,1.048001726363159,1.3749418713457575,0.775386462753728,0.7537178879920947,"[2.446204185521647, 2.6624578373839882, 2.4822966925691077, 2.5644361946575227, 2.4137847176412746, 2.537890056682842, 2.599992536302537, 2.315793518597177]",0.7051712131923475,0.7051712131923475,0.2063131183385849
d8_h32,8,32,16,200,0.003,256,2,10,0.625,-0.5730801669121414,-0.2380952380952381,1.1180310539603342,1.6544981544140014,0.9563074329685926,0.9401481304549265,"[2.6025155692834856, 2.7844332157791905, 2.5814238379919536, 2.6714443063354096, 2.454375515506523, 2.7127978339011, 2.7364960781492993, 2.4104482881057074]",0.7948031540117386,0.7948031540117386,0.08591314405202866
d8_h32,8,32,16,200,0.003,256,2,25,0.75,-0.44923573844060033,-0.4761904761904762,1.5362282135078917,1.2705730030990638,0.9468274634712043,0.8125559604639454,"[2.8176846651234824, 2.9488192907027555, 2.7801777403273027, 2.81876979494396, 2.529886331245923, 2.855469096628291, 2.7911909543765083, 2.5005634034582576]",0.5766234828994204,0.5766234828994204,0.02952982299029827
d8_h32,8,32,16,200,0.003,256,2,50,1.0,-0.3813414066356392,-0.6904761904761906,1.71573751177029,0.7050396721065507,0.6487612837095748,0.4302997576389389,"[2.904726978384718, 3.040888565812326, 2.9278892890087618, 2.8917499995504987, 2.596406446928879, 2.9170729148194643, 2.805866327102499, 2.571821278970779]",0.016170573704829053,0.016170573704829053,0.016170574352145195
d8_h32,8,32,16,200,0.003,256,2,100,1.0,-0.3555675430181944,-0.8095238095238096,1.7699639013202597,0.5692584781758776,0.29948395540030637,0.01076994625024645,"[2.9808569011857315, 3.1093739221123626, 3.0403365302907677, 2.9542168594255505, 2.68067147015793, 2.973759987987486, 2.8579702782615546, 2.5980048468047503]",0.01076994625024645,0.01076994625024645,0.010769947431981564
d8_h32,8,32,16,200,0.003,256,2,200,1.0,-0.36165205344254947,-0.8095238095238096,1.7513490197227548,0.5807890548044706,0.3052954216239799,0.009584001341406235,"[3.01707960037526, 3.1304203346030324, 3.080547775851589, 2.9749788063929397, 2.72955607117719, 3.0098831199981966, 2.8932844747883473, 2.612848782992632]",0.009584001341406235,0.009584001341406235,0.009584002196788788
d16_h32,16,32,16,300,0.003,256,0,0,0.125,-0.6789112283310261,-0.008823529411764706,3.4950129636183593,3.5400853105893257,3.067623917382101,3.047861744615755,"[2.347202592742915, 2.260971417437982, 2.2174161961710426, 2.3032826555640655, 2.344082833208727, 2.357241150707518, 2.2812745997616077, 2.3264413127061214, 2.292932492054671, 2.335705474298733, 2.2695225227535727, 2.3913267245239753, 2.335455104087938, 2.3058219933495026, 2.3231479763363936, 2.2238764877352875]",2.6359791122974428,2.533431205290574,2.708150863647461
d16_h32,16,32,16,300,0.003,256,0,1,0.1875,-0.6921920239003924,-0.03529411764705882,2.4952164243005694,3.020041029068905,2.3119549877003007,2.759256148430671,"[2.3545819121130265, 2.2942970262000464, 2.229352356260575, 2.301526227118853, 2.3734732914086125, 2.3799494697967005, 2.29694368764226, 2.3513769353356304, 2.312494160932296, 2.339806869427648, 2.2938877788728416, 2.4022441481194794, 2.3412568018290667, 2.308441208440763, 2.333989210542242, 2.2347454162414953]",1.8805093900441103,1.9089716251116273,0.5861811637878418
d16_h32,16,32,16,300,0.003,256,0,2,0.3125,-0.6631431892552785,-0.17941176470588235,2.4274920854295896,2.562823931056709,2.1481601888312594,2.29728309414102,"[2.3830422434743146, 2.3174199326989995, 2.250794402846556, 2.3231581667577106, 2.389332094370044, 2.399360587423382, 2.3042198885403313, 2.3633349190535657, 2.347661148676473, 2.3560970180573437, 2.3077296944744803, 2.408007078817822, 2.3471862310972567, 2.3132257092354305, 2.342862752456595, 2.231267674559115]",1.4556830485449106,1.43972940202146,0.44152161478996277
d16_h32,16,32,16,300,0.003,256,0,5,0.375,-0.557640792619332,-0.4617647058823529,2.203220736031117,2.460006244333921,1.879555429104294,1.7816482729920127,"[2.4987788982992334, 2.4091304862234653, 2.3490661729057716, 2.383332828551591, 2.453365552104085, 2.4752795475211955, 2.3595266088499134, 2.4307682355809166, 2.4641153831812, 2.398694330842618, 2.338306457871542, 2.450195333240085, 2.3661580236644544, 2.383599217418278, 2.3531763043233145, 2.251533056677219]",1.0186592315106069,1.0160351684273583,0.17299805581569672
d16_h32,16,32,16,300,0.003,256,0,10,0.5,-0.524016845601723,-0.3558823529411765,1.8845071323789964,2.071193146612768,1.114972409342964,0.9799896479585398,"[2.546541162695695, 2.4266592196734944, 2.367932241287423, 2.4168816820400227, 2.4839790367911165, 2.4999489794540164, 2.374158169225472, 2.4571327420451836, 2.544793779152854, 2.451234808876273, 2.350516008817884, 2.526842442771173, 2.383686595076101, 2.440147956609346, 2.371717233655231, 2.249648967223084]",0.6903464702844243,0.661832540291281,0.06191527470946312
d16_h32,16,32,16,300,0.003,256,0,25,0.8125,-0.5943452907434381,-0.23823529411764705,0.8508712625330904,1.8047554281565628,0.6324780278654674,1.0225806857694075,"[2.5787633429986383, 2.470877823179926, 2.4179800784217527, 2.451508543715789, 2.5434140361117623, 2.579211490771349, 2.4260797270992285, 2.5795918127389057, 2.6187825812411014, 2.4832208505557554, 2.3662952444985486, 2.6323427484646826, 2.455538639221129, 2.5098645510601383, 2.397172415313435, 2.2520430592335527]",0.2782016232908744,0.2584143234511269,0.018459651619195938
d16_h32,16,32,16,300,0.003,256,0,50,0.8125,-0.5056748399912444,-0.18529411764705883,0.777547180006467,1.9618447464593374,0.5855362262855475,0.8055325056006659,"[2.6102433395339264, 2.499106938418202, 2.463248182508173, 2.4963506978247914, 2.5798669461563737, 2.6343315283987323, 2.4752038340125795, 2.6805579853010113, 2.646181131683434, 2.5187174959525516, 2.387584741900394, 2.6677992336058804, 2.5251054742244503, 2.585981779170876, 2.423719142868118, 2.269064754767565]",0.2572557230246888,0.19049608335415497,0.014117884449660778
d16_h32,16,32,16,300,0.003,256,0,100,0.8125,-0.5676993637393866,-0.13529411764705881,0.74340860767056,1.7337415461147874,0.6207104220723381,1.378875673978861,"[2.657492711658758, 2.5410461240267375, 2.512851118159696, 2.5473630722173177, 2.6347644288634613, 2.6889631161384187, 2.5341651027895726, 2.751779195248792, 2.6879101834415935, 2.5786848867894068, 2.410367138740376, 2.6974233958671343, 2.598257971867959, 2.688643595339004, 2.4851284768124593, 2.291042579723468]",0.27649624153118146,0.24222566392176184,0.010921485722064972
d16_h32,16,32,16,300,0.003,256,0,200,0.8125,-0.597738474789896,-0.044117647058823525,0.7328498338840463,1.9860083072183443,0.5439031697219242,1.354043336099049,"[2.693089595925033, 2.564535824160691, 2.5525285298250693, 2.601258173391991, 2.6740848261770265, 2.7332906715836636, 2.592579200652956, 2.8148516558499685, 2.73111648376876, 2.615690779193248, 2.4519235412327594, 2.7222190285615993, 2.6632129768405988, 2.75240815698737, 2.569234459593824, 2.3220349882846976]",0.39606315238203116,0.2586421046169678,0.009557638317346573
d16_h32,16,32,16,300,0.003,256,0,300,0.8125,-0.5987449211008022,-0.044117647058823525,0.7343888488789767,1.9940103704412127,0.5964415588299566,1.3615445063890639,"[2.69651467861588, 2.5669000309558783, 2.557057449722325, 2.612017632873128, 2.6826362921464137, 2.7414779737283093, 2.6031294423426345, 2.82697011009003, 2.7401252222859425, 2.621781732417393, 2.461843102089792, 2.726498661385553, 2.675252219164302, 2.76718458836872, 2.5859047879656605, 2.330091864526756]",0.19330755795641444,0.29487086646101957,0.009538095444440842
d16_h32,16,32,16,300,0.003,256,1,0,0.125,-0.7578874062364758,-0.0823529411764706,3.7435647138489627,3.8081633670665846,3.2404047303175294,3.097073320165614,"[2.3220606097089855, 2.3285387351638516, 2.347841634877482, 2.288932521015918, 2.35342353650202, 2.3113277118477766, 2.334852996814341, 2.3120681452540537, 2.2620892330163906, 2.3315213642523136, 2.389169892217625, 2.293800792533097, 2.1914160731164913, 2.3739079533027896, 2.2511261185807423, 2.3478255008647997]",2.4934745925259856,2.5561864568461345,2.4694788455963135
d16_h32,16,32,16,300,0.003,256,1,1,0.125,-0.7270211372887879,0.07352941176470588,2.299527590087148,2.067733154501577,1.9764345696393584,1.88323519814959,"[2.3206211142413298, 2.299032821602006, 2.3651913143590444, 2.2747383106828067, 2.374578861754724, 2.3235987086828644, 2.3349730031303677, 2.2896331278525803, 2.258849771180395, 2.332818602313436, 2.3754977940597697, 2.3061320096846196, 2.1892001788818924, 2.376587482829516, 2.275596890195802, 2.366719019009379]",1.7531477356826495,1.7514407064427102,0.5570114850997925
d16_h32,16,32,16,300,0.003,256,1,2,0.125,-0.7348552736755285,-0.12058823529411765,2.0128912864230597,2.2027952492382896,1.8096302855328195,1.7841783179960813,"[2.3514610279572667, 2.307983408483696, 2.4219159094940723, 2.327256329746022, 2.4161332681511234, 2.358694923275422, 2.349631580205105, 2.3192195395827757, 2.2975428311536734, 2.3587865224601834, 2.399228725990364, 2.327638891674386, 2.22462837361738, 2.4077339525774493, 2.294056558482678, 2.397826573127333]",1.61716721901427,1.5885498386400825,0.31628966331481934
d16_h32,16,32,16,300,0.003,256,1,5,0.3125,-0.80141219679086,-0.09411764705882353,1.7836413891444982,2.097964684058107,1.4812899537517792,1.3781198550727551,"[2.382421519019111, 2.3254256910977467, 2.4619342757618488, 2.356854288484467, 2.430520017947085, 2.354195711140401, 2.3679402981334183, 2.3625370597326856, 2.3523381914131187, 2.3757619481411325, 2.436320077299863, 2.347606312499226, 2.261860813330695, 2.4757203421345815, 2.3106066061797326, 2.422964206528381]",1.0968189821934222,1.1240564585837172,0.120266392827034
d16_h32,16,32,16,300,0.003,256,1,10,0.4375,-0.8137850716770697,-0.06764705882352941,1.56109657787829,1.473117479377984,1.1312291507126777,1.0100904531635952,"[2.405848868673868, 2.3755939261131993, 2.504149288433122, 2.4023856923747573, 2.4797521678690697, 2.4048374365076843, 2.428337982211858, 2.407119783794853, 2.4507027659324927, 2.389289203713547, 2.4982989771539503, 2.3883696154792107, 2.3462657187947173, 2.540175051218584, 2.3424020090351303, 2.449975720431351]",0.8325542023002301,0.8424307612555795,0.04601076617836952
d16_h32,16,32,16,300,0.003,256,1,25,0.5625,-0.6567778767710724,0.01764705882352941,1.1326069647528603,1.0983888063282046,0.820904701469208,0.6846348145266962,"[2.4263373458403157, 2.3896110551648335, 2.490393868893311, 2.437712973712282, 2.5087299744158935, 2.4496310584723093, 2.4668173927211456, 2.4532782022345287, 2.547299422892587, 2.437173549093138, 2.5413164825753505, 2.4253510456747382, 2.3898019320908563, 2.564666985838183, 2.35782846798089, 2.451395095750973]",0.5489638373260658,0.5070133491814293,0.019565420225262642
d16_h32,16,32,16,300,0.003,256,1,50,0.75,-0.5550777050131411,-0.10588235294117648,1.3454371701172423,1.31509994122239,0.816670271981158,1.0390863031594353,"[2.463577114510701, 2.4068839536351576, 2.4881441290418778, 2.4848423429955457, 2.5353592223810058, 2.4762765055144196, 2.493352482950797, 2.4851392092202325, 2.5882257674986273, 2.479825710298526, 2.5962255567596118, 2.457076747872122, 2.431236827885115, 2.5903808777116524, 2.3732896017043803, 2.4547763311260726]",0.39749083802983426,0.38851423604717245,0.013647107407450676
d16_h32,16,32,16,300,0.003,256,1,100,1.0,-0.4616240956469971,-0.055882352941176466,0.8273567728162402,1.1518192374065088,0.6565926393214707,0.36423753041634754,"[2.5247142055341567, 2.441419125537271, 2.49300548475151, 2.5239408161490715, 2.564872076946995, 2.49285488927533, 2.528809071387138, 2.5051235320255922, 2.628191157210944, 2.5385597166386336, 2.6392248539817134, 2.517184505150373, 2.4669710463701717, 2.6261627783734274, 2.4122261561515717, 2.468248115040218]",0.009616554351970487,0.009616554351970487,0.009616554714739323
d16_h32,16,32,16,300,0.003,256,1,200,1.0,-0.41796937078253477,0.02941176470588235,0.9130938992791631,1.046565073033118,0.634267064302809,0.24499413800210285,"[2.5597998990031248, 2.4606817873661537, 2.5102953876185303, 2.5570509750781003, 2.593401805285047, 2.525070132898008, 2.5605200318888675, 2.5297637404460716, 2.6576275899988016, 2.614505496492936, 2.6866524053906753, 2.5667060364559493, 2.49340887417399, 2.6545876860055837, 2.4459878102284853, 2.4815049976230568]",0.008042446134179513,0.008042446134179513,0.00804244726896286
d16_h32,16,32,16,300,0.003,256,1,300,1.0,-0.42250626050556295,0.02941176470588235,0.9189534979108253,1.0455820097730808,0.6111952824269653,0.502975846026172,"[2.5650490917152986, 2.462348838978175, 2.5136705333203664, 2.5627200172283264, 2.5984081186536288, 2.5333369741615086, 2.5667241191985943, 2.537568738206921, 2.6636194593986007, 2.6305785839025257, 2.6988233414630343, 2.575377439299913, 2.499010921800328, 2.659982685335428, 2.454351183091667, 2.4839027595292946]",0.0614521088526169,0.007902850696127055,0.007902851328253746
d16_h32,16,32,16,300,0.003,256,2,0,0.125,-0.7545454688136444,0.011764705882352941,6.232071320572717,6.540589186178087,5.027091325150209,4.699253853429,"[2.2729073819818777, 2.3423851471691775, 2.2480318941911173, 2.300972301659253, 2.309205218950963, 2.331035170145028, 2.3199725734721777, 2.237881740983238, 2.2802185250657607, 2.2903390633792333, 2.3213254249416297, 2.319886211545027, 2.336611174714579, 2.3670954918912916, 2.242738854061484, 2.2650650518620874]",2.7770487378040025,2.971782322235166,7.657608509063721
d16_h32,16,32,16,300,0.003,256,2,1,0.1875,-0.6339186674010993,-0.15,4.289316196701038,3.3531291648099915,2.7701547963440936,2.628633385008933,"[2.2881044087051374, 2.3468127066635285, 2.262109313786249, 2.313462326502056, 2.3400311739035455, 2.341581394822118, 2.3245221330921053, 2.2492229022242487, 2.283920870350642, 2.3095434874251413, 2.335554425134078, 2.3100479551650177, 2.3341268689260075, 2.362017242764198, 2.245578958333092, 2.2643851833309894]",1.8643839753066247,1.9204258940003052,0.6073432564735413
d16_h32,16,32,16,300,0.003,256,2,2,0.4375,-0.6282705574426009,-0.14705882352941177,2.8979639487454194,2.5723915719396957,1.9434842228681228,1.801098929539467,"[2.314711908925275, 2.3734418371321686, 2.253560343285306, 2.3278010298142346, 2.340813430873323, 2.356284162806445, 2.3365009720154415, 2.2528374393978035, 2.290296893379391, 2.311458870212515, 2.3414594597975054, 2.305258570362479, 2.3427165274343444, 2.3640162960159214, 2.255668717540607, 2.266461985624933]",1.29820380078389,1.3000653706644116,0.5432772040367126
d16_h32,16,32,16,300,0.003,256,2,5,0.6875,-0.6031289307089498,-0.3411764705882353,1.352703596346618,2.3712006909792778,0.899305164947874,0.6426576934722796,"[2.4331820153082946, 2.4448726590881913, 2.293731073076118, 2.4144801328367094, 2.3669312982429496, 2.464439273114952, 2.4261877422230533, 2.301428573511948, 2.3169550346521963, 2.381365797146286, 2.399574020137751, 2.3796924477828516, 2.433942249061664, 2.397092163413563, 2.2870355047189315, 2.3171830885365208]",0.5378507415945298,0.5262836940285269,0.15626418590545654
d16_h32,16,32,16,300,0.003,256,2,10,0.875,-0.5302157826561842,-0.2441176470588235,0.9776288476723092,1.964561246281497,0.6028779559734011,0.6446392263039787,"[2.5065661854856778, 2.4793256688225678, 2.311162825131306, 2.4329999379183405, 2.368299729613553, 2.556632799708944, 2.472509567468181, 2.319668667460557, 2.3348527476508605, 2.4174223893580953, 2.495180955272717, 2.412843236375566, 2.482365427014371, 2.4781261446928373, 2.296312466843035, 2.3376273322657513]",0.23478870659551576,0.2432707036669244,0.08077529072761536
d16_h32,16,32,16,300,0.003,256,2,25,1.0,-0.46757649621519204,-0.24705882352941175,0.8819013044449197,1.5906971119313322,0.5516361989613127,0.38654122756262,"[2.5809069588165947, 2.5525459520740386, 2.360780097202916, 2.4641725415549565, 2.3856326579176956, 2.6748696628051922, 2.515889308597639, 2.365496256173801, 2.4208566237495126, 2.4559475454776427, 2.5840752580920663, 2.500213229691375, 2.528702076246063, 2.5377348679847125, 2.3253382466367682, 2.361331943888742]",0.022142694362613277,0.022142694362613277,0.022142695263028145
d16_h32,16,32,16,300,0.003,256,2,50,1.0,-0.44504930149008676,-0.2764705882352941,0.9754418633276619,1.2177382272969073,0.38993973436337703,0.423069434299554,"[2.6360637349881224, 2.5823304812297603, 2.4087921031285213, 2.5000109529010137, 2.42497131684307, 2.748453180391132, 2.547923815229188, 2.4184918646448903, 2.499870016726511, 2.4746246819876507, 2.6547924551741375, 2.561529836586872, 2.552328906262163, 2.5752072659377805, 2.3554601111826416, 2.385066962193903]",0.03683297846268812,0.014141738055531893,0.014141734689474106
d16_h32,16,32,16,300,0.003,256,2,100,1.0,-0.4256740960326212,-0.2411764705882353,1.0526393804189234,1.1000497098891946,0.4554058870851909,0.4414732994858238,"[2.7009419125815253, 2.62302979757826, 2.471527647568936, 2.544071223492514, 2.4807963174059737, 2.795299503308494, 2.5889456633485377, 2.4599369319958697, 2.566467442478885, 2.5088419479297452, 2.7216861248109634, 2.6191011434333453, 2.598106652340079, 2.627998790988693, 2.391851872349108, 2.413082087294925]",0.011186682540366134,0.03774349781362752,0.011186680756509304
d16_h32,16,32,16,300,0.003,256,2,200,1.0,-0.437046730309323,-0.21764705882352942,1.1655995139991469,1.238103678262467,0.4023284168042161,0.14541073501769022,"[2.7305869161805365, 2.6622638671785004, 2.5175400106500145, 2.580809196228496, 2.540896609829495, 2.8303400261531886, 2.63090070012002, 2.5042337932946865, 2.6202059631379124, 2.5473000583566385, 2.7664248377027385, 2.675869528641852, 2.6435719987177104, 2.6725243764646525, 2.4400799442681986, 2.454069637830564]",0.009696021751909195,0.03643778578872485,0.009696021676063538
d16_h32,16,32,16,300,0.003,256,2,300,1.0,-0.44266021003520506,-0.21764705882352942,1.1744630420805195,1.249839271634268,0.5373339512358672,0.330678667204325,"[2.7313229945155664, 2.6668428447484973, 2.523390461620774, 2.5874949901824333, 2.551254791143447, 2.83650213848498, 2.638769049380876, 2.516649014279646, 2.6295894104326094, 2.5573477082257488, 2.774227392017277, 2.6892473486772417, 2.6492457975332773, 2.681114320820065, 2.4515885052811424, 2.462546525169505]",0.03744505240833834,0.009747464881552766,0.009747463278472424
d16_h64,16,64,24,400,0.003,256,0,0,0.0625,-0.7376959472918192,0.2323529411764706,8.491987118150647,8.21742493697961,8.151130612156178,7.982734186986976,"[2.745778195016477, 2.8310762137613117, 2.8338624936207153, 2.853029623867054, 2.820146449170066, 2.831730805627797, 2.874744460854728, 2.7926395768922383, 2.823143612579426, 2.849880156498712, 2.8060379811916123, 2.83668178200899, 2.858610790648328, 2.783561753681055, 2.8395693746452566, 2.8433608323667623]",7.485401220028219,7.437821674477007,9.741132736206055
d16_h64,16,64,24,400,0.003,256,0,1,0.3125,-0.6596160440071929,0.45294117647058824,7.073472451891304,6.516528902168847,5.976056322649118,6.247973821111148,"[2.7472096669801984, 2.8573400291727435, 2.8458171014535134, 2.863049683648822, 2.825481697765951, 2.8305732213829735, 2.884672184787985, 2.7925803656131944, 2.846206860045987, 2.8762509759519603, 2.867432094616885, 2.8629106905684987, 2.8889391729128495, 2.8172062804494806, 2.8715178284489937, 2.864556109115882]",4.1010553706929285,4.26645394177532,1.6010160446166992
d16_h64,16,64,24,400,0.003,256,0,2,0.25,-0.7027024081492719,0.5205882352941177,7.443933003874987,6.840150346215066,6.814744018628542,5.989356548156813,"[2.756329712947008, 2.8773818755520955, 2.8618300599701887, 2.880603870584838, 2.8308447849718448, 2.8527189460388827, 2.902739282242444, 2.817993445939353, 2.8719721205734454, 2.8974734501716477, 2.8871541302958783, 2.9017819164121312, 2.914046054030095, 2.866918616803492, 2.880220164169569, 2.8879977865155504]",4.4423430341265195,4.837294397746955,1.19831120967865
d16_h64,16,64,24,400,0.003,256,0,5,0.8125,-0.7367396718972188,0.07058823529411765,3.0659595170245293,2.8689744792744123,1.3923863600271624,1.53313904530102,"[2.8129288631253946, 2.9171859137979843, 2.9245888850978035, 2.9141034303930216, 2.8700963434464257, 2.9194980572456504, 2.9977838184170746, 2.853237218569783, 2.9130462276613707, 2.9679320073779762, 2.9171011978424652, 3.015555235479403, 2.9276483079357627, 2.883326048182327, 2.912457367498039, 2.911957744180316]",0.7775666901098227,0.7937858941681342,0.34456896781921387
d16_h64,16,64,24,400,0.003,256,0,10,1.0,-0.6032368002664706,0.07647058823529412,2.7671761014460716,2.6628004195785167,0.8260509870464307,0.5561394625699224,"[2.84080455377871, 2.954915926847942, 2.9957425783612255, 2.9569502434505286, 2.919316453377891, 3.0374453491921702, 3.0713669158464976, 2.897723165491173, 2.94157977735815, 3.0574652398030033, 2.9668210719975314, 3.076828797200112, 2.9736522081957864, 2.916097087935886, 2.9483050167144196, 2.9537484178219757]",0.18948046746177338,0.18948046746177338,0.19281481206417084
d16_h64,16,64,24,400,0.003,256,0,25,1.0,-0.16804278163093966,0.05294117647058824,2.682050153058034,2.776932693075619,0.919812309186796,0.559322178982227,"[2.918705343821483, 3.02719289691738, 3.084596275644519, 3.0651141766031835, 3.0554968138940186, 3.224978039865484, 3.191089190378023, 3.0064244380939336, 3.020051260631341, 3.193447404586226, 3.108181685605356, 3.1977082224034694, 3.100378470308431, 2.995859400098527, 3.036405719846266, 3.0233629663112076]",0.1041831615737235,0.11741734412449722,0.12129314243793488
d16_h64,16,64,24,400,0.003,256,0,50,1.0,-0.17409691579659625,-0.07352941176470588,2.9657966722328273,2.6982362966667197,0.8119794569627716,0.45510288524081954,"[3.0274271982757046, 3.1461565999302743, 3.2182227897833044, 3.2085689009078906, 3.232677466245653, 3.385712743479602, 3.3639473283510575, 3.142917722784227, 3.1257669386908864, 3.333604722036133, 3.259873053907005, 3.3509757378386587, 3.236088683064291, 3.1128332737892683, 3.136405387594394, 3.1071326149862033]",0.07075498465310753,0.07075498465310753,0.0707549899816513
d16_h64,16,64,24,400,0.003,256,0,100,1.0,-0.2409433140294136,-0.02058823529411765,2.9218747278003785,3.5180260001818624,0.041334934870098365,1.114061366583765,"[3.1396279518070154, 3.2743417917571565, 3.357708880383439, 3.3380984676853167, 3.3835260795540747, 3.550505253647112, 3.5351780224024076, 3.2967856124771737, 3.223279227145851, 3.522063318092218, 3.414257430374828, 3.4802949531130425, 3.4242684797569547, 3.237651013135267, 3.2488723355099274, 3.2278853986993368]",0.041334934870098365,0.041334934870098365,0.04133494198322296
d16_h64,16,64,24,400,0.003,256,0,200,1.0,-0.24275231288422444,-0.0029411764705882353,2.822179189854672,3.499618846995251,0.6448048180533217,0.5551853255998174,"[3.2272084552045905, 3.3661693880578745, 3.4512963384088673, 3.426880343381601, 3.4630486690098277, 3.6447993256385325, 3.6253553904279374, 3.381217208794056, 3.2978277903145985, 3.6413376178386274, 3.509718851012665, 3.565842269782969, 3.545835262980935, 3.327932540014247, 3.3298817322990466, 3.3418621239298427]",0.036878520039233954,0.036878520039233954,0.036878522485494614
d16_h64,16,64,24,400,0.003,256,0,400,1.0,-0.24375342486377655,-0.0029411764705882353,2.8210665436148528,3.5142133559340465,1.0417743881860668,0.418945950887402,"[3.2304196419373725, 3.369429633060276, 3.4540601545302687, 3.4312136283725345, 3.4659719691684674, 3.646399806164671, 3.6286493887927653, 3.38464188503823, 3.299298386480453, 3.646380966091845, 3.513115826611905, 3.569262775010622, 3.54839003822154, 3.3329877821355054, 3.3345720295189234, 3.346119467759407]",0.03678851658499764,0.03678851658499764,0.03678852692246437
d16_h64,16,64,24,400,0.003,256,1,0,0.125,-0.5595241500894078,-0.3970588235294118,11.335061843115582,11.138263026252343,9.806614875355113,10.368865985973924,"[2.8398411274999, 2.8424230229848386, 2.824023357844655, 2.8331360011130613, 2.8524473515747006, 2.7804845726197627, 2.8662876454282733, 2.7836114754013703, 2.821845680377856, 2.817842572092451, 2.803092307757351, 2.795511544516898, 2.8462504590760136, 2.821593786775277, 2.819361893060139, 2.81283945227947]",9.420932191831533,9.527060785122437,10.027268409729004
d16_h64,16,64,24,400,0.003,256,1,1,0.6875,-0.5255472281645538,-0.45,4.869258112762656,4.445138561671307,4.181199919221278,3.2992059007264474,"[2.8643506985055542, 2.8557799187386137, 2.832217914163919, 2.8481130707393834, 2.8874168248135126, 2.821913082310398, 2.869154395653301, 2.78306651133719, 2.8477953093377644, 2.8195125236843404, 2.81069047600568, 2.8019691615513453, 2.859213380684228, 2.8319426691526948, 2.8134715432641997, 2.839334749966487]",2.487150008613359,2.4756528057803315,1.6340267658233643
d16_h64,16,64,24,400,0.003,256,1,2,0.875,-0.4923213523099532,-0.38823529411764707,5.974631760370245,1.940756070995233,3.6837761226060453,1.6562888585937001,"[2.893388666404307, 2.8870350622764436, 2.844292323825864, 2.8751765067239123, 2.9124306100320605, 2.85520755953332, 2.8842813706709625, 2.8050739648426677, 2.8666579601624056, 2.835430954319393, 2.838803501127738, 2.8116555064781834, 2.8755520917610293, 2.8904249616690647, 2.8414438951298613, 2.8511090148744658]",1.0838760748054432,1.08047157822992,0.9210267066955566
d16_h64,16,64,24,400,0.003,256,1,5,0.875,-0.4979764109339829,-0.33529411764705885,4.881617492536488,1.9800071270945754,3.585006333322538,0.9760598327410517,"[2.9403792544379037, 2.92709643121143, 2.871538605121591, 2.901086746106513, 2.957535391252355, 2.886830126769229, 2.8929430460429764, 2.8482907280009573, 2.8957144139595528, 2.8465750103961605, 2.857149610310715, 2.848974812601245, 2.9037426969830684, 2.9449875492267905, 2.859165902965575, 2.8826676660580928]",0.6671389242968138,0.6694362256590184,0.4056847095489502
d16_h64,16,64,24,400,0.003,256,1,10,1.0,-0.3545168632625444,-0.6,4.601363272935119,1.2632618503119475,2.0976133042665923,0.5466697475670165,"[2.986857070236758, 2.9694490678312513, 2.9168021693155257, 2.9441119641290903, 3.0295175855465346, 2.9150008993102614, 2.909922400462312, 2.914780760993158, 2.960747596101549, 2.8946301569495345, 2.8926049941773955, 2.89924680847453, 2.923125889377279, 2.981298073173365, 2.8802963021277277, 2.8900945742520148]",0.21695062123738998,0.21695062123738998,0.24557583034038544
d16_h64,16,64,24,400,0.003,256,1,25,1.0,0.1012334430850329,-0.6617647058823529,4.644711182847928,1.8247420095526063,4.013231857118511,0.19228522474241974,"[3.102488469445738, 3.103254029702063, 3.07644723491737, 3.0933233706622247, 3.199643277816203, 3.031696131797367, 3.0198244308452558, 3.1394307120416967, 3.134975314134287, 3.0776138050570347, 3.0106085241137297, 3.0524476981333746, 3.0099179594569065, 3.0636823383520544, 2.9656045936391826, 2.9287644364432563]",0.12918211883643368,0.12918211883643368,0.1291821300983429
d16_h64,16,64,24,400,0.003,256,1,50,1.0,0.18016615077119347,-0.6617647058823529,4.361921814365982,2.239271457489263,3.019058838654422,0.5860490018847148,"[3.2424566533784964, 3.2684705824833835, 3.2827836504436636, 3.255064460800395, 3.391616897336582, 3.1883925048856487, 3.1919740064692816, 3.3062443347813124, 3.374828932341501, 3.25201587413117, 3.1747553999718026, 3.225777166845516, 3.1080588209081474, 3.1888275977948637, 3.0613285158796155, 2.9701291876460814]",0.09060487432382723,0.09060487432382723,0.09060487151145935
d16_h64,16,64,24,400,0.003,256,1,100,1.0,0.2012662913003549,-0.6235294117647059,4.576529667865273,3.0513123749357995,1.3864836399767173,0.6357775839973635,"[3.3827308107990457, 3.4347526898701686, 3.4370479207078413, 3.4439319316216, 3.5309579079520006, 3.323758395001294, 3.354174466650904, 3.4589654404626127, 3.5700243788875503, 3.3814234490605943, 3.3404003132609272, 3.4039287412667085, 3.216195094166432, 3.3315634105627527, 3.168231226066051, 2.9985145050043878]",0.06688567196538227,0.06688567196538227,0.07015171647071838
d16_h64,16,64,24,400,0.003,256,1,200,1.0,0.11574657968121271,-0.65,4.695403279061484,3.2005019845574254,3.7206915046165787,0.6184614400809643,"[3.46433064826211, 3.5227875992209485, 3.547658768738678, 3.549641695526188, 3.6401693949819514, 3.4247153606179035, 3.4569583490835596, 3.544625595388415, 3.6941396557486064, 3.461847248752452, 3.440653971725325, 3.5057112236754557, 3.3028074660440407, 3.4259870935884993, 3.2546568975582812, 3.0475967660982635]",0.04677244796894071,0.04677244796894071,0.04677245020866394
d16_h64,16,64,24,400,0.003,256,1,400,1.0,0.11532574560117381,-0.65,4.7020145107255775,3.1722399530401884,3.7321265158952435,0.7062854969891463,"[3.4682669118838305, 3.525627695677088, 3.5515683017388127, 3.5556476188963915, 3.6441827516841117, 3.4312909810373586, 3.4621967485736627, 3.5492500864353245, 3.6991778115479006, 3.463142925005549, 3.445807150699113, 3.5117582332035284, 3.30810280814568, 3.4324490043793867, 3.261265023400928, 3.0504809777582156]",0.046015280498428436,0.046015280498428436,0.04601527377963066
d16_h64,16,64,24,400,0.003,256,2,0,0.0,-0.599247007485432,0.31176470588235294,8.108715276627624,7.378689097559371,7.5131820824284095,7.170994163211702,"[2.806421793842679, 2.8173295030311976, 2.8079828438050423, 2.8953079969299367, 2.824721295873671, 2.782916073685862, 2.819624807525724, 2.8353865954996182, 2.821520414304732, 2.8426336532664354, 2.8425488945087296, 2.7867603563949777, 2.8812036706950925, 2.8293087743753933, 2.8495442916929825, 2.8172708423126185]",6.689019213498812,6.903103197498886,8.912489891052246
d16_h64,16,64,24,400,0.003,256,2,1,0.4375,-0.5656825148693329,0.2029411764705882,5.672071084055951,5.761639090185309,4.060863391589761,4.078425142030167,"[2.808521697053647, 2.8351786224463957, 2.8502467758309025, 2.8887713197527654, 2.8200563788642072, 2.7992067470774242, 2.8293665769323137, 2.8715130918248843, 2.840975169028916, 2.85965667921008, 2.8641985908393814, 2.802704108109302, 2.897433254190703, 2.8434228201419245, 2.8542247516017936, 2.8256352205104944]",3.235968719306517,3.1762746864371523,1.664602279663086
d16_h64,16,64,24,400,0.003,256,2,2,0.625,-0.5458121262956428,0.011764705882352941,5.55735535236538,5.515311331537751,2.8858738940942126,2.929964046880459,"[2.8390767122970466, 2.8679037431828003, 2.889552856226171, 2.9299364456804273, 2.868872168856445, 2.8195609565432207, 2.8693893589044412, 2.893983088584485, 2.8666218291193815, 2.8940114584250245, 2.8954109337816543, 2.823872093943021, 2.9143444668426843, 2.8622220864233365, 2.870037149536025, 2.8542015079267435]",1.992338756787528,2.0086131322381764,1.033466100692749
d16_h64,16,64,24,400,0.003,256,2,5,0.875,-0.3923815144450642,-0.38823529411764707,6.652852264191658,2.9171088610503064,4.704746269422979,1.8847102517935732,"[2.896090250093083, 2.9153106283283434, 2.954357820161385, 2.9540597227477248, 2.9040832100694844, 2.837909685237317, 2.9050731258405262, 2.921579770682051, 2.8882068860543986, 2.9300661529379077, 2.925428059933479, 2.8760304929633196, 2.9198048357084962, 2.8693655104162135, 2.8825175140045505, 2.884678677141037]",0.540269643524245,0.5383728420757966,0.35945987701416016
d16_h64,16,64,24,400,0.003,256,2,10,1.0,-0.30979861328949054,-0.5970588235294118,5.340992479421046,1.9250212900642834,3.711374016601343,0.2948494000372394,"[2.948948843271915, 2.9749809665748863, 3.016303767355141, 3.0295462800188124, 2.96222870547907, 2.881721193354929, 2.9738241395475944, 2.985242435704979, 2.935226244971875, 2.966978352550894, 2.9688587558954227, 2.922355271016029, 2.939185156415132, 2.887411363335484, 2.9110939345037594, 2.9116187446935173]",0.2713745639090236,0.2594185032741067,0.27974268794059753
d16_h64,16,64,24,400,0.003,256,2,25,1.0,-0.2243240815171424,-0.8058823529411765,5.815934489486948,1.4455539012017593,5.0258506419012985,0.12793249697160405,"[3.0841870550477677, 3.141923766728815, 3.1945981268759307, 3.2295486569209153, 3.1104893959224835, 2.996096292111064, 3.1508322072106556, 3.1408599383092173, 3.0833556300469502, 3.0562119503179703, 3.0720537189072266, 3.0236997019478737, 2.998359329931376, 2.9766768053498, 2.9632687321028532, 2.942688684963666]",0.10613169052430185,0.10492790855954724,0.10732454806566238
d16_h64,16,64,24,400,0.003,256,2,50,1.0,-0.16784001733668608,-0.823529411764706,4.151711468843828,1.1256244077777082,3.2437337531291828,0.2715840548374228,"[3.2103796820122947, 3.3142165603049043, 3.3608305659838043, 3.340993622440403, 3.2571879698452624, 3.1463057343401175, 3.328079041223248, 3.277319531126433, 3.2251425551757005, 3.1658972699386543, 3.1839081365413238, 3.1262503671846695, 3.100841721084119, 3.068856497747351, 3.0272269836250354, 2.9669049867606123]",0.08424779216073575,0.10299853212342565,0.08320257812738419
d16_h64,16,64,24,400,0.003,256,2,100,1.0,-0.20174857386097078,-0.8705882352941177,4.042055487543763,0.9830525332964364,2.7159342553009815,0.05230963584802804,"[3.359306905582435, 3.502882932090608, 3.5544492569272332, 3.4618649579963274, 3.4303744473085094, 3.3442882316190414, 3.4952269981042883, 3.421328051850332, 3.382364871892172, 3.306549020860362, 3.313779898304245, 3.270734507673101, 3.246124200481825, 3.2025412956677526, 3.1261589841324624, 3.0008719074161676]",0.05230963584802804,0.05230963584802804,0.05398532748222351
d16_h64,16,64,24,400,0.003,256,2,200,1.0,-0.1842747233819071,-0.8529411764705882,4.1331037682346485,1.0479378618460193,3.1351141741025392,0.5204445265148232,"[3.4380280967203394, 3.6156192823672795, 3.658555710245577, 3.541009200867319, 3.521796617637063, 3.4641507484232474, 3.5780944146850184, 3.509845580190444, 3.4734652539687443, 3.4019422257814504, 3.409203227731651, 3.363621383054054, 3.3637548512273554, 3.2915203146813594, 3.2385172153243906, 3.0160171841580463]",0.038385965644085335,0.038385965644085335,0.038385968655347824
d16_h64,16,64,24,400,0.003,256,2,400,1.0,-0.1876618999482722,-0.8529411764705882,4.11999434940154,1.0505587095986877,3.343563255500217,0.5633815089049612,"[3.4375961946132745, 3.6187998942704396, 3.6587750153216883, 3.545839050976701, 3.52506247796516, 3.4686079835599273, 3.5818611884885736, 3.5116838918148043, 3.479286994592302, 3.4069760692940005, 3.4139754515448186, 3.364823094635413, 3.3710730263592503, 3.2950481343277263, 3.2475931348291764, 3.0169267891276084]",0.03764830276829676,0.03764830276829676,0.03764830529689789
d24_h64,24,64,24,500,0.003,256,0,0,0.08333333333333333,-0.7376959472918192,0.10869565217391304,7.917463103934932,7.113857011186072,6.699742668143952,6.038633786958268,"[2.745778195016477, 2.8310762137613117, 2.8338624936207153, 2.853029623867054, 2.820146449170066, 2.831730805627797, 2.874744460854728, 2.7926395768922383, 2.823143612579426, 2.849880156498712, 2.8060379811916123, 2.83668178200899, 2.858610790648328, 2.783561753681055, 2.8395693746452566, 2.8433608323667623, 2.844998767510735, 2.7944193309968344, 2.779297580408939, 2.8652264176762507, 2.8156096555547827, 2.845065880573935, 2.7698555017886615, 2.8982999010702226]",5.446886907457021,5.320283562035318,10.100921630859375
d24_h64,24,64,24,500,0.003,256,0,1,0.7083333333333334,-0.5700810793512116,0.1678260869565217,6.750139577908029,3.535349840444137,3.3779680475084777,2.885617132017065,"[2.7471961064123986, 2.853303241540757, 2.830446649376358, 2.8567040081676787, 2.8179665048697218, 2.820987630181009, 2.887684314863961, 2.7849922288082953, 2.8191008705866647, 2.8687324960814617, 2.8120450220726796, 2.847442535536918, 2.8538265099420883, 2.779680842836863, 2.865071955268996, 2.8557199451879582, 2.840550497598252, 2.7896058053352752, 2.7864218799726963, 2.8703019705578896, 2.832327982192694, 2.858273787578856, 2.7639980935622743, 2.9086809569425984]",1.9520036535058245,1.8028900964893104,1.6092541217803955
d24_h64,24,64,24,500,0.003,256,0,2,0.875,-0.6407581105460894,0.03217391304347826,4.7924811236995755,2.674267194747752,1.944970263524581,1.9238838856230163,"[2.7628491583535046, 2.882178275192109, 2.845890918234843, 2.8643966440828734, 2.8333200293694616, 2.8308458511680303, 2.916543028335768, 2.783750320419743, 2.822811300279576, 2.867386029302534, 2.8278322791389514, 2.858006077989802, 2.85881832410687, 2.7889251043615544, 2.8766064742515156, 2.855497891975767, 2.845607399536343, 2.7892723660524084, 2.79408638248457, 2.873998236620511, 2.838627185204194, 2.8638184362217296, 2.7727961743213676, 2.9104403258217952]",1.3265174345032884,1.24431212809195,0.9983540773391724
d24_h64,24,64,24,500,0.003,256,0,5,1.0,-0.42163569702022796,-0.3408695652173913,3.2469709251547094,2.5796249081715086,1.6700919027659684,1.0217479022738591,"[2.8143235004594875, 2.918587008165167, 2.896354822779757, 2.8927276300361724, 2.8784834029778565, 2.8642079902031345, 2.9587197911056022, 2.796021955607307, 2.836560119028985, 2.8935601487746854, 2.8403715237545017, 2.866036014692567, 2.8749632748200287, 2.7963097820943434, 2.8802732269889946, 2.852436104014622, 2.8453814361435836, 2.7897975584203416, 2.801583819769847, 2.868586137391444, 2.83273155356579, 2.8544180316508614, 2.7800508642537154, 2.907607628314447]",0.46505723627507073,0.46702906114517306,0.6116492748260498
d24_h64,24,64,24,500,0.003,256,0,10,1.0,-0.17158513984964568,-0.6730434782608695,3.716456257121743,1.2037021664211645,2.1132359413347026,0.7356010773384052,"[2.8740602518697433, 2.9692532393123785, 2.9614189123735883, 2.9339401401348453, 2.957513970535717, 2.933554293975038, 3.0297027964012226, 2.866467769461568, 2.873296597857174, 2.919437363577497, 2.8816145778079894, 2.909456375566415, 2.9143462036512773, 2.8176927748087155, 2.9101588805441367, 2.8656897442030984, 2.872378672097534, 2.8116089163062132, 2.8245031628381483, 2.867988587105589, 2.841492322134644, 2.8612557262775677, 2.798916545512545, 2.924719182024119]",0.3758734899840461,0.2331268773725099,0.2939630150794983
d24_h64,24,64,24,500,0.003,256,0,25,1.0,-0.06786986899096092,-0.8095652173913043,3.649995874106625,2.759989613018236,3.021501059631551,0.3789217672098999,"[2.9852850754362255, 3.0796320136069646, 3.076093031501839, 3.0355551991631753, 3.185395943298524, 3.0941043894945532, 3.1921195157011586, 3.057413531923663, 2.9860672062937548, 3.0007557611392017, 2.9950104324189715, 3.032652942066823, 3.0011633475254853, 2.910110529676512, 2.9857925247344035, 2.911114164442011, 2.923234665616216, 2.8414265214863303, 2.8507413729720428, 2.892929341929396, 2.8691408400351825, 2.882832772868557, 2.843910668284047, 2.945705445197451]",0.16354271900205816,0.15881099821306308,0.18358489871025085
d24_h64,24,64,24,500,0.003,256,0,50,1.0,-0.22796376059966272,-0.84,3.9799348919623867,4.240969886390884,3.1071933844998854,1.7512509452802165,"[3.1011228536431856, 3.185256042032128, 3.199666942450158, 3.1579650181157084, 3.3793610879012967, 3.2732127575184644, 3.3566066029173465, 3.226112209331317, 3.143272512673254, 3.1215184617576512, 3.1487508025974553, 3.152427145274985, 3.1120649682928962, 3.066529520800406, 3.106326088310851, 3.0089427110946763, 3.006853031874101, 2.9173737849455024, 2.9179356082973564, 2.9580500444471585, 2.9199017322338454, 2.921635298851694, 2.907991904928072, 2.9796662500635622]",0.08062569909122068,0.07468777749654552,0.0721447616815567
d24_h64,24,64,24,500,0.003,256,0,100,1.0,-0.5035093136921485,-0.8295652173913043,4.8630373984563535,5.507053088797462,2.9590232221357473,2.8642261219811718,"[3.2405562500381175, 3.3150588641947354, 3.3408978399476017, 3.315738907525458, 3.54031411876492, 3.4551530635104055, 3.5577429858398375, 3.397664290263995, 3.322403079868558, 3.306062011785814, 3.350281266705918, 3.3099435843898597, 3.2851151625604755, 3.239077057856617, 3.2589324887454443, 3.146743147717085, 3.1181105911614324, 3.036421439432509, 3.0100234299601554, 3.065653915866093, 3.0061362798597067, 2.997819872747453, 2.9734452789508494, 3.0232501187596754]",0.06357766277054575,0.06159537653771767,0.06087549030780792
d24_h64,24,64,24,500,0.003,256,0,200,1.0,-0.6656948285090323,-0.7556521739130433,5.0666135970548085,4.871026733449608,2.4228262777039493,2.3324984902350385,"[3.4015017800346645, 3.4393657489075187, 3.4591573652650855, 3.436706195514974, 3.6526875318460696, 3.601652513647374, 3.7189631471643616, 3.553892080806415, 3.480857502773509, 3.4820696327957106, 3.5343062990435596, 3.4721397976188904, 3.4630532564491947, 3.4245459874849926, 3.42057255747334, 3.27969575894106, 3.2547319234612866, 3.1705388281046374, 3.1120350515917026, 3.1528547239941984, 3.1153374775146108, 3.058495214069019, 3.0255926776715043, 3.0586719885627516]",0.0441576694203937,0.06378433199354568,0.05059356242418289
d24_h64,24,64,24,500,0.003,256,0,400,1.0,-0.7099959015225933,-0.7147826086956521,5.130786260396747,4.8699018897213975,2.3928700334656416,2.2134728163750497,"[3.45880486416438, 3.4826724010524837, 3.5112313894559235, 3.482768538710982, 3.6899268785510952, 3.6609660992329025, 3.784910696211191, 3.600608631065812, 3.5413178402813017, 3.5563091676557392, 3.5943997326575885, 3.524153822013201, 3.530563661422762, 3.508841268758439, 3.4878244433295347, 3.3494767291860152, 3.312805355479309, 3.232442406754263, 3.1540435345484017, 3.197053004882698, 3.156450584592523, 3.093681281233071, 3.0410194307724048, 3.071389433777621]",0.040933634177931166,0.03817705537299273,0.03769927844405174
d24_h64,24,64,24,500,0.003,256,0,500,1.0,-0.7099760560799775,-0.7147826086956521,5.130802265309423,4.8698297738409355,2.392875301933209,2.2134505093634504,"[3.4588018145522965, 3.4826724259496364, 3.511232310731053, 3.482769458682832, 3.689928045379567, 3.660969191354434, 3.7849128535955243, 3.6006082627651588, 3.541318821932119, 3.5563066578707767, 3.5943976677318377, 3.524154093190377, 3.5305666299404668, 3.5088409273264314, 3.4878255453378917, 3.3494768583165753, 3.312806058786018, 3.232443511030957, 3.154044473356219, 3.1970534171155367, 3.1564492885624156, 3.093673757652268, 3.041021873560087, 3.071389376574217]",0.04093486330189049,0.038177880486023864,0.037700142711400986
d24_h64,24,64,24,500,0.003,256,1,0,0.041666666666666664,-0.645151046927739,-0.25478260869565217,10.662319120269878,9.591632960960688,8.770633366898165,8.633833743828411,"[2.8398411274999, 2.8424230229848386, 2.824023357844655, 2.8331360011130613, 2.8524473515747006, 2.7804845726197627, 2.8662876454282733, 2.7836114754013703, 2.821845680377856, 2.817842572092451, 2.803092307757351, 2.795511544516898, 2.8462504590760136, 2.821593786775277, 2.819361893060139, 2.81283945227947, 2.868292212838899, 2.8316171533978975, 2.8251795903731267, 2.8001579621139245, 2.8180733913884586, 2.820701344176796, 2.7681569457451896, 2.8369892058187896]",6.486032000718943,6.3959985004975035,9.761756896972656
d24_h64,24,64,24,500,0.003,256,1,1,0.7083333333333334,-0.537080208903363,-0.13739130434782607,5.266753333756919,4.14726064491497,4.388411061091294,2.2449894388123113,"[2.8997748739634104, 2.8635081378082283, 2.826967284033927, 2.832093265648907, 2.8819976401316176, 2.8132036288456406, 2.906136237920195, 2.8071196007592834, 2.8328660561993178, 2.822478437200316, 2.7996983980103884, 2.78990200593245, 2.8461576508701247, 2.830161212762024, 2.8313477472390045, 2.8287737266110646, 2.912524679408598, 2.837692968545957, 2.8511984470404528, 2.8208061989579636, 2.829329477229965, 2.845863173114658, 2.790259457392641, 2.8439490215591268]",1.619121816401936,1.547425696118073,1.8782331943511963
d24_h64,24,64,24,500,0.003,256,1,2,0.9166666666666666,-0.4206986134401223,-0.10521739130434782,7.4768500707022865,3.570635278825144,4.652388358287737,1.4003336035871532,"[2.9116812674524186, 2.871819087741702, 2.8374314798196667, 2.8471450308311717, 2.904203586038023, 2.82380236618508, 2.918271732816633, 2.8158847864487746, 2.8373527094284574, 2.826938034764206, 2.812952956767878, 2.8104732469848623, 2.85420759510787, 2.8396781919674403, 2.8454212957699405, 2.8424614237872134, 2.919608986142196, 2.8480990351926, 2.8597152123273006, 2.8352603309943785, 2.8376014395758364, 2.854901321884474, 2.803405791328714, 2.8570712216866214]",0.8152338263454817,0.7832913716128633,0.9075072407722473
d24_h64,24,64,24,500,0.003,256,1,5,1.0,-0.12024495920665779,-0.3060869565217391,6.601319645505085,1.920999741921694,4.929651991961627,1.0262342154315585,"[2.9491042739301188, 2.884002098128066, 2.840598362162147, 2.8770083739899697, 2.945517554269526, 2.840857701980635, 2.930919060501366, 2.8233168464830802, 2.8603882015954003, 2.8482184212902797, 2.810037552513617, 2.8323323992816998, 2.858659228594003, 2.8621618878839863, 2.855676721030828, 2.8614510275103955, 2.9231849683586395, 2.845242082095883, 2.8748573371219965, 2.844057734963543, 2.8395798613722056, 2.8585921606990463, 2.8088820593825417, 2.8615832617676062]",0.2949825377323103,0.2980103260769507,0.3110986351966858
d24_h64,24,64,24,500,0.003,256,1,10,1.0,-0.04072431713487179,-0.6008695652173912,6.784175902267261,1.6382833301400896,4.778527416573004,0.19764224612275674,"[2.9882583879430142, 2.9355608590681035, 2.8807761022934883, 2.931842800690115, 3.026057350903514, 2.883433669589413, 2.972920689318836, 2.8636888518354153, 2.9211298749753096, 2.8878527692368814, 2.833283663298363, 2.8646291167791724, 2.891948123595309, 2.9079139156948077, 2.875234560623764, 2.88557313303447, 2.938954055313896, 2.857540201618118, 2.8876050234838853, 2.860852686020384, 2.85431003796302, 2.8685977198477426, 2.8117062263163666, 2.867750253893437]",0.209302191202311,0.19764224612275674,0.21355268359184265
d24_h64,24,64,24,500,0.003,256,1,25,1.0,-0.028766765578752018,-0.8208695652173912,7.615877381337178,2.57232920472787,5.345673051195332,0.12805845820963654,"[3.0785171777917246, 3.0383228889864267, 3.0108104421125286, 3.091492871721535, 3.215601842675852, 3.0527756274217563, 3.096691638876232, 2.9491333639924977, 3.1005407690764697, 2.995420784524217, 2.9282483123274785, 2.988194083073391, 2.9966364124102185, 3.038900951730133, 2.9527138263823374, 2.966580769891965, 2.999289110886103, 2.904128691354426, 2.942844097237759, 2.9099463024899817, 2.9175277547829324, 2.8933302305578787, 2.846590367118031, 2.878676254454491]",0.12361067205154604,0.12718606478425112,0.1362682431936264
d24_h64,24,64,24,500,0.003,256,1,50,1.0,-0.09641735752369518,-0.8347826086956521,8.329214244378697,4.366833088555026,5.9718171079376985,0.21204211377414156,"[3.20894691230871, 3.1847335203016236, 3.2061192569501338, 3.273183378613246, 3.3828406170912064, 3.2664887535065947, 3.273169661224105, 3.059373381413357, 3.327437009620614, 3.158773530210186, 3.046368020953189, 3.2016652804482852, 3.114658238908826, 3.2006707835984614, 3.0698977894553736, 3.069509120913999, 3.136931015491502, 3.0049878626919386, 3.051442940095134, 3.025025620372168, 3.011847585045449, 2.9572118854052025, 2.8795462216337957, 2.892655994850697]",0.08831137123120252,0.0871789371985564,0.08926893025636673
d24_h64,24,64,24,500,0.003,256,1,100,1.0,-0.23367463352694862,-0.7469565217391304,6.8779349020841964,3.110869932273736,4.556553348890742,1.9638839999358095,"[3.3496332662719355, 3.36140714399529, 3.439010172470955, 3.500371013532051, 3.56272260143055, 3.4768563890606092, 3.455794924887001, 3.174485392107759, 3.545935344794533, 3.3620946781011027, 3.2119010355861475, 3.4782953185740544, 3.2521676712444636, 3.3962073125857195, 3.249842023794833, 3.238265529030674, 3.3453569767576483, 3.1596623396948775, 3.2347176648501916, 3.1971401171059153, 3.180197120591348, 3.0698518720889325, 2.9712126460626727, 2.9049061298878143]",0.07329355229171748,0.07964375041837433,0.06277242302894592
d24_h64,24,64,24,500,0.003,256,1,200,1.0,-0.31466747195848443,-0.6808695652173912,6.331387874210812,3.2247764078314467,3.863202688859878,1.7766527649345525,"[3.4648150918222744, 3.4866548722892388, 3.5879186178936946, 3.6827841286042706, 3.6836848158846633, 3.6243902802102035, 3.5941447364263306, 3.2704311911554713, 3.6879142148301622, 3.5158405602302882, 3.3503080502651637, 3.6737596319620054, 3.367475731879192, 3.5613161396803927, 3.4027644520290843, 3.4025622356403153, 3.5403466869559552, 3.3283107110340757, 3.390997918215139, 3.3749134928761126, 3.3259645504868955, 3.1846896669092026, 3.0877868167691993, 2.916304240924161]",0.04930210748865027,0.0552620262880858,0.04817866533994675
d24_h64,24,64,24,500,0.003,256,1,400,1.0,-0.3791649809682597,-0.6799999999999999,6.308046088946063,3.2291722561136114,4.288757582831554,2.2365525458382263,"[3.5149835995114973, 3.5377484976763505, 3.6482159984593774, 3.7515172706765467, 3.7414950368444795, 3.6817831302629034, 3.652294544991077, 3.3132033289081155, 3.7400889230808105, 3.581659993776192, 3.4200604572686624, 3.7499989736941086, 3.424134796784287, 3.6265561468316334, 3.463908100436912, 3.4925868975151606, 3.623544002732302, 3.4012805077014296, 3.4605630772420466, 3.449791991486651, 3.394626645514241, 3.236390904721936, 3.1486977319153997, 2.9212715473614423]",0.12238565286610177,0.06752493031854198,0.046285778284072876
d24_h64,24,64,24,500,0.003,256,1,500,1.0,-0.37917032203601336,-0.6799999999999999,6.308061771163981,3.229174614263794,4.28876028560975,2.236552624923623,"[3.5149834158314364, 3.537749347465014, 3.648215531586699, 3.751517636120828, 3.7414970295546732, 3.681784508767937, 3.6522945103072786, 3.313202541722887, 3.740089444794217, 3.581659068180286, 3.4200610674950522, 3.7499992541851004, 3.42413603716585, 3.626557136133026, 3.4639075557533863, 3.492585851197008, 3.6235432148589197, 3.401281101816983, 3.460564342631904, 3.4497909740285917, 3.3946268428926, 3.236389732814227, 3.14869766220018, 2.9212719806617744]",0.12238573393273061,0.06752470135579394,0.046285681426525116
