pathology,seed,epoch,train_loss,eval_loss,pair_acc,pair_sep,mean_dd_score,mean_incorrect,pct_negative_trace,auc
healthy_baseline,0,0,221320871936.0,210029969408.0,0.0,-0.5316445362958541,0.14861994977740664,0.16236764886155997,0.4583333333333333,0.47207125603864736
healthy_baseline,0,1,142513488.0,143743216.0,0.0,-0.5471959731724816,0.14753798738833104,0.16213849867492094,0.5416666666666666,0.469429347826087
healthy_baseline,0,2,11921404.0,12286183.0,0.0,-0.562953911877422,0.14761410787660972,0.16202705636678286,0.5416666666666666,0.46927838164251207
healthy_baseline,0,3,9053953.0,8477217.0,0.0,-0.5811587742476515,0.14781375329344767,0.16209199432020163,0.5833333333333334,0.46875
healthy_baseline,0,4,4851615.5,4664655.5,0.0,-0.5944575364608847,0.14816660546183028,0.16212364476356522,0.5833333333333334,0.466862922705314
healthy_baseline,0,5,923045.5625,884162.1875,0.0,-0.5900272612270203,0.15172323195193319,0.16215682825644695,0.75,0.47380736714975846
healthy_baseline,0,7,977055.5625,1022413.5,0.0,-0.552100173788742,0.16948082467412742,0.1618302313429927,0.7916666666666666,0.5289100241545893
healthy_baseline,0,10,27415.92578125,31095.439453125,0.0,-0.5884462765144802,0.1900731057844545,0.16186677470782668,0.8333333333333334,0.573822463768116
healthy_baseline,0,15,2530.243408203125,2949.73046875,0.041666666666666664,-0.5807079921257823,0.23453255364951445,0.16240076251775995,0.9166666666666666,0.6642512077294686
healthy_baseline,0,20,293.30462646484375,345.902099609375,0.08333333333333333,-0.5641952846877101,0.24708434906408158,0.1625325437280504,0.9166666666666666,0.6856884057971014
healthy_baseline,0,30,123.80489349365234,139.1837158203125,0.08333333333333333,-0.5395551974705717,0.26805228441696743,0.16251809854194227,0.9166666666666666,0.7211654589371981
healthy_baseline,0,50,198.38296508789062,206.20840454101562,0.25,-0.46533598930984377,0.32227122857232454,0.16250541589196618,1.0,0.8023852657004831
healthy_baseline,0,75,15.519794464111328,14.477951049804688,0.875,-0.19972353261099002,0.5338634038343548,0.16376951421938538,1.0,0.961881038647343
healthy_baseline,0,100,46.1892204284668,47.97101593017578,1.0,-0.07280145364408816,0.7470207477399976,0.16437959621162995,1.0,0.9872433574879227
healthy_baseline,0,150,0.8045654296875,1.5141338109970093,1.0,-0.012463160052556821,1.0328218845417514,0.16547785775424,1.0,0.992602657004831
healthy_baseline,0,200,0.14391516149044037,1.1438181400299072,1.0,0.0050506633633745635,1.1681067362469646,0.16562379592205484,1.0,0.9940368357487923
healthy_baseline,1,0,355938402304.0,378644594688.0,0.125,-0.6078402934366316,0.19109861137487708,0.1515494353727042,0.5416666666666666,0.5726902173913043
healthy_baseline,1,1,40993812.0,43179060.0,0.125,-0.6035861722360634,0.1941169611498835,0.15146815946703737,0.5833333333333334,0.5832578502415459
healthy_baseline,1,2,10713277.0,10743539.0,0.125,-0.5958202820301182,0.19703294872350874,0.1513243512245309,0.5833333333333334,0.5871829710144928
healthy_baseline,1,3,8031835.0,7652463.5,0.125,-0.5860678758372717,0.1979989811162944,0.1512488363696766,0.5833333333333334,0.5871074879227053
healthy_baseline,1,4,1895435.375,1970625.5,0.125,-0.6006156771990387,0.20011767042367348,0.15141596794785647,0.5833333333333334,0.5886926328502415
healthy_baseline,1,5,2526183.75,2597581.0,0.16666666666666666,-0.6116022901906851,0.20165127789472828,0.15157104997209941,0.625,0.5908816425120773
healthy_baseline,1,7,260039.828125,263370.34375,0.20833333333333334,-0.6306017012837317,0.20666874984754138,0.15176892294994768,0.625,0.5913345410628019
healthy_baseline,1,10,73537.2734375,70290.4765625,0.20833333333333334,-0.6553847979076068,0.2103065327841682,0.15195604527414658,0.6666666666666666,0.5841636473429952
healthy_baseline,1,15,15916.203125,17991.609375,0.25,-0.6613152467796826,0.22235943944281863,0.15229754251714622,0.8333333333333334,0.6055253623188406
healthy_baseline,1,20,19324.525390625,19423.505859375,0.25,-0.6284536544498672,0.23670824411296684,0.1521110570577864,0.8333333333333334,0.6333786231884058
healthy_baseline,1,30,2493.7509765625,2555.343505859375,0.25,-0.5564182208778747,0.2830443783943874,0.15228609547209543,0.875,0.6982940821256038
healthy_baseline,1,50,32.20991897583008,26.859159469604492,0.25,-0.6426924705741788,0.3561390094015085,0.1521528485456922,0.9583333333333334,0.7810235507246377
healthy_baseline,1,75,6.67564582824707,7.316688060760498,0.6666666666666666,-0.4200920182693722,0.48878095451063386,0.15140765565828918,0.9583333333333334,0.8989281400966184
healthy_baseline,1,100,6.037535190582275,6.000065326690674,0.8333333333333334,-0.31862070204635623,0.6213060102948437,0.1522689463895608,0.9583333333333334,0.9226298309178744
healthy_baseline,1,150,1.635625958442688,2.0081496238708496,0.9166666666666666,-0.31166358641679087,0.898021846181471,0.15159233523606308,1.0,0.9586352657004831
healthy_baseline,1,200,0.4759540259838104,1.6645220518112183,1.0,-0.31049993480148197,1.1005150625789615,0.1519335863485472,1.0,0.9735809178743962
healthy_baseline,2,0,130512379904.0,135130357760.0,0.041666666666666664,-0.5273726616237503,0.14954592430283786,0.16125536233333565,0.3333333333333333,0.49622584541062803
healthy_baseline,2,1,20283128.0,20234834.0,0.041666666666666664,-0.5008302537333978,0.1426541806640981,0.16118263294639273,0.375,0.475618961352657
healthy_baseline,2,2,8941472.0,8869140.0,0.041666666666666664,-0.5152629902907782,0.13991418117832005,0.16112828064742207,0.4166666666666667,0.46535326086956524
healthy_baseline,2,3,6409659.0,6389358.0,0.041666666666666664,-0.5308932079901357,0.1390398007595375,0.16109669480544664,0.4583333333333333,0.46127717391304346
healthy_baseline,2,4,495409.15625,522501.21875,0.041666666666666664,-0.543976871751091,0.1389466836611025,0.16104036165823396,0.4583333333333333,0.4608997584541063
healthy_baseline,2,5,421606.09375,426428.4375,0.041666666666666664,-0.5576001853360695,0.13891608311614867,0.1609179382769559,0.4583333333333333,0.4585597826086957
healthy_baseline,2,7,125491.9609375,135108.015625,0.041666666666666664,-0.5694999299569574,0.1376595798074298,0.1609165199526938,0.5416666666666666,0.4489734299516908
healthy_baseline,2,10,26408.51171875,25199.525390625,0.041666666666666664,-0.5269721778799648,0.1394612938929552,0.16105725171946966,0.5833333333333334,0.4379528985507246
healthy_baseline,2,15,2483.507080078125,2725.891845703125,0.08333333333333333,-0.4866820766051735,0.15838192729430092,0.1610075388694128,0.8333333333333334,0.4746376811594203
healthy_baseline,2,20,960.9716796875,967.7113037109375,0.08333333333333333,-0.44190323665493947,0.1970719423559274,0.16118661814626858,0.875,0.5736714975845411
healthy_baseline,2,30,637.3284912109375,606.7861328125,0.16666666666666666,-0.3668185461631313,0.28389718356553506,0.1611764363618341,0.9583333333333334,0.7464522946859904
healthy_baseline,2,50,10.683939933776855,11.868053436279297,0.7083333333333334,-0.25366037509091544,0.5105771921769692,0.16085082446871465,0.9583333333333334,0.945727657004831
healthy_baseline,2,75,8.038448333740234,7.974236965179443,0.9166666666666666,-0.3645691837420149,0.6902795155817781,0.1615065266656016,0.9583333333333334,0.9581823671497585
healthy_baseline,2,100,3.9272279739379883,4.409196376800537,0.9166666666666666,-0.3863075937403673,0.8628516992106441,0.16223754478975402,1.0,0.9559178743961353
healthy_baseline,2,150,0.8453131318092346,1.2475858926773071,0.9166666666666666,-0.2683007023681834,1.1045760438387575,0.16020491822850755,1.0,0.9735809178743962
healthy_baseline,2,200,0.156096950173378,1.2535134553909302,1.0,-0.18773457770953472,1.2412755707846446,0.16053327909725823,1.0,0.9842240338164251
lr_too_low,0,0,221320871936.0,210029969408.0,0.0,-0.5316445362958541,0.14861994977740664,0.16236764886155997,0.4583333333333333,0.47207125603864736
lr_too_low,0,1,208662577152.0,198002278400.0,0.0,-0.5316535401367365,0.14861329990334007,0.16236744959233204,0.4583333333333333,0.4719957729468599
lr_too_low,0,2,196709679104.0,186653753344.0,0.0,-0.5316585759645102,0.1486068225116883,0.16236715449059735,0.4583333333333333,0.47192028985507245
lr_too_low,0,3,185351880704.0,175886123008.0,0.0,-0.5316641511065772,0.14859994581359268,0.16236685433809464,0.4583333333333333,0.47184480676328505
lr_too_low,0,4,174548156416.0,165629952000.0,0.0,-0.5316704937228216,0.1485929713266917,0.16236664101860623,0.4583333333333333,0.4717693236714976
lr_too_low,0,5,164294606848.0,155939110912.0,0.0,-0.5316753856984439,0.1485860761181607,0.16236642320740297,0.4583333333333333,0.4717693236714976
lr_too_low,0,7,145152901120.0,137692037120.0,0.0,-0.5316878492710818,0.14857070038606002,0.16236606419124502,0.4583333333333333,0.47146739130434784
lr_too_low,0,10,119524163584.0,113199751168.0,0.0,-0.5316999355852081,0.14854710083609157,0.16236534317498558,0.4583333333333333,0.47131642512077293
lr_too_low,0,15,82566045696.0,77754040320.0,0.0,-0.5317137689706589,0.14850693275668425,0.16236474598959144,0.4583333333333333,0.47101449275362317
lr_too_low,0,20,51320733696.0,48142229504.0,0.0,-0.5317237252948642,0.14846738894626854,0.16236483091361606,0.4583333333333333,0.47078804347826086
lr_too_low,0,30,14300515328.0,13944638464.0,0.0,-0.531772202653492,0.1483873489636035,0.1623654865478606,0.4583333333333333,0.4704861111111111
lr_too_low,0,50,1429286528.0,1791480064.0,0.0,-0.5319115676265057,0.14822700487963872,0.16237717510886535,0.5,0.46950483091787437
lr_too_low,0,75,369128416.0,549312576.0,0.0,-0.5326707706389583,0.14818260230451744,0.16238675076763787,0.5,0.46905193236714976
lr_too_low,0,100,172688624.0,301825184.0,0.0,-0.5332239774911026,0.1481420063394171,0.16239125631216517,0.5,0.46882548309178745
lr_too_low,0,150,74805424.0,168981568.0,0.0,-0.5339945902441724,0.14811097642269497,0.16238521534742648,0.5,0.46844806763285024
lr_too_low,0,200,45089532.0,122501176.0,0.0,-0.5343223914521097,0.14812035250097408,0.162385174664368,0.5,0.46875
lr_too_low,1,0,355938402304.0,378644594688.0,0.125,-0.6078402934366316,0.19109861137487708,0.1515494353727042,0.5416666666666666,0.5726902173913043
lr_too_low,1,1,333572210688.0,354977579008.0,0.125,-0.6078662031352146,0.19109968798284305,0.15154845208184933,0.5416666666666666,0.5726902173913043
lr_too_low,1,2,312210554880.0,332474122240.0,0.125,-0.6078927439386337,0.19110106924269546,0.1515474027316733,0.5416666666666666,0.5727657004830918
lr_too_low,1,3,291890954240.0,311073210368.0,0.125,-0.6079183792703649,0.19110252655514773,0.15154633743082666,0.5416666666666666,0.5726902173913043
lr_too_low,1,4,272551526400.0,290638823424.0,0.125,-0.6079450771566806,0.19110397434703397,0.15154522800595013,0.5416666666666666,0.5726902173913043
lr_too_low,1,5,254167842816.0,271160279040.0,0.125,-0.6079723586761125,0.1911056170467221,0.15154411388552802,0.5416666666666666,0.5726902173913043
lr_too_low,1,7,220047753216.0,235236065280.0,0.125,-0.6080244716566034,0.1911103650089463,0.15154177189003282,0.5416666666666666,0.5728411835748792
lr_too_low,1,10,175209365504.0,187990147072.0,0.125,-0.6081039198503607,0.19111997868284794,0.15153829257406407,0.5416666666666666,0.5729921497584541
lr_too_low,1,15,115679543296.0,125075562496.0,0.125,-0.6082358199726026,0.19114245490655868,0.15153287697292536,0.5416666666666666,0.5728411835748792
lr_too_low,1,20,71257481216.0,77640966144.0,0.125,-0.608357736855829,0.19117281263158467,0.1515278223356709,0.5416666666666666,0.5729921497584541
lr_too_low,1,30,17478541312.0,19471788032.0,0.125,-0.6085460813078788,0.1912359509866032,0.15151951093818142,0.5416666666666666,0.5730676328502415
lr_too_low,1,50,2756279552.0,3015174400.0,0.125,-0.6084252930121942,0.19134646082720794,0.15150855958017428,0.5416666666666666,0.573822463768116
lr_too_low,1,75,925382464.0,1089283072.0,0.125,-0.6082035079077317,0.1914886005167148,0.15150813405942898,0.5416666666666666,0.5751811594202898
lr_too_low,1,100,415216224.0,559303488.0,0.125,-0.6080786441177853,0.19160433934935558,0.15151570514081375,0.5416666666666666,0.5754076086956522
lr_too_low,1,150,169544912.0,282986272.0,0.125,-0.6074034071672347,0.19174591629363824,0.15153115461401706,0.5416666666666666,0.5757850241545893
lr_too_low,1,200,94319720.0,191272240.0,0.125,-0.6066737087400055,0.19184204431285537,0.1515407060685828,0.5416666666666666,0.5760114734299517
lr_too_low,2,0,130512379904.0,135130357760.0,0.041666666666666664,-0.5273726616237503,0.14954592430283786,0.16125536233333565,0.3333333333333333,0.49622584541062803
lr_too_low,2,1,123618598912.0,128125935616.0,0.041666666666666664,-0.5273542387604919,0.14953933579850257,0.16125481022549018,0.3333333333333333,0.4961503623188406
lr_too_low,2,2,117025775616.0,121421561856.0,0.041666666666666664,-0.5273351688597332,0.1495331569441438,0.16125425443159674,0.3333333333333333,0.4960748792270531
lr_too_low,2,3,110710030336.0,114994864128.0,0.041666666666666664,-0.5273147093877469,0.14952718859997347,0.16125371188284499,0.3333333333333333,0.4961503623188406
lr_too_low,2,4,104662917120.0,108812337152.0,0.041666666666666664,-0.5272987128916609,0.1495210184126859,0.16125315076314597,0.3333333333333333,0.4960748792270531
lr_too_low,2,5,98895446016.0,102907166720.0,0.041666666666666664,-0.5272811846619239,0.14951487486856455,0.1612526234780823,0.3333333333333333,0.4960748792270531
lr_too_low,2,7,88085012480.0,91780816896.0,0.041666666666666664,-0.5272484661506526,0.14950288350208138,0.1612516793368078,0.3333333333333333,0.4961503623188406
lr_too_low,2,10,73586409472.0,76829646848.0,0.041666666666666664,-0.527203519419078,0.14948660645635767,0.16125028704654729,0.3333333333333333,0.49622584541062803
lr_too_low,2,15,53420236800.0,56092282880.0,0.041666666666666664,-0.5271351739401963,0.14946535748233017,0.1612486604871156,0.3333333333333333,0.4963768115942029
lr_too_low,2,20,37467070464.0,39517155328.0,0.041666666666666664,-0.527099834163625,0.1494494583861419,0.1612474893549723,0.3333333333333333,0.4963768115942029
lr_too_low,2,30,15905711104.0,16997637120.0,0.041666666666666664,-0.5270683705605655,0.1494400922726336,0.16124615960697133,0.3333333333333333,0.49645229468599034
lr_too_low,2,50,1535407616.0,1474032512.0,0.041666666666666664,-0.5273155874706974,0.14941357192069907,0.16124258419054166,0.3333333333333333,0.49667874396135264
lr_too_low,2,75,219664368.0,198792448.0,0.041666666666666664,-0.5266980718604723,0.14911154524750672,0.1612416034389973,0.3333333333333333,0.49509359903381644
lr_too_low,2,100,86821424.0,85208224.0,0.041666666666666664,-0.5261771395380264,0.14888876335805246,0.16123757010354925,0.3333333333333333,0.49403683574879226
lr_too_low,2,150,34284200.0,41643820.0,0.041666666666666664,-0.5252515502774582,0.14858626494279611,0.16123345013512527,0.3333333333333333,0.49358393719806765
lr_too_low,2,200,18663842.0,26558514.0,0.041666666666666664,-0.5243101593688415,0.14837114298454732,0.1612273515138098,0.3333333333333333,0.49335748792270534
lr_too_high,0,0,221320871936.0,210029969408.0,0.0,-0.5316445362958541,0.14861994977740664,0.16236764886155997,0.4583333333333333,0.47207125603864736
lr_too_high,0,1,493169856.0,516657440.0,0.16666666666666666,-0.5464749954967266,0.3040567953935094,0.16200377138700128,0.875,0.7259963768115942
lr_too_high,0,2,17397332.0,17562302.0,0.625,-0.45186108927662955,0.5243665637862747,0.1629689152005449,1.0,0.883756038647343
lr_too_high,0,3,291255.46875,303835.125,0.9166666666666666,-0.3106083129867126,0.7033704449973736,0.1646447744856955,1.0,0.9579559178743962
lr_too_high,0,4,95796.4609375,88567.0703125,0.9166666666666666,-0.11479560329438249,0.869068109347868,0.16457385456691892,1.0,0.9873188405797102
lr_too_high,0,5,28404.431640625,28525.24609375,1.0,-0.039396333491586055,1.02878745746713,0.16701262917261336,1.0,0.9941878019323671
lr_too_high,0,7,132.86178588867188,120.22904968261719,1.0,-0.04322987505965259,1.2724956362251678,0.16953659713046268,1.0,0.9941123188405797
lr_too_high,0,10,412.3801574707031,415.30712890625,1.0,-0.08367476048275774,1.4740980924463394,0.17104368911750764,1.0,0.9945652173913043
lr_too_high,0,15,7.859388828277588,7.622409820556641,1.0,-0.043301898709703024,1.741571495847315,0.1679804086754126,1.0,0.9963013285024155
lr_too_high,0,20,7.2842888832092285,6.842547416687012,1.0,-0.026724664941761567,1.8865286466283504,0.17350217416563365,1.0,0.9965277777777778
lr_too_high,0,30,5.872041702270508,5.65504789352417,1.0,-0.16850384423957493,2.1048858003849062,0.17928219883529498,1.0,0.9969806763285024
lr_too_high,0,50,0.5592864155769348,0.7792615294456482,1.0,0.06875806192983275,2.194311967254341,0.18786876930433158,1.0,0.9978864734299517
lr_too_high,0,75,0.11485393345355988,0.2849500775337219,1.0,0.08412668649909916,2.1648920484584435,0.19284287163033892,1.0,0.998112922705314
lr_too_high,0,100,0.11196236312389374,0.3074877858161926,1.0,0.06210911290359028,2.1515191389521537,0.19438754629185745,1.0,0.9970561594202898
lr_too_high,0,150,0.03923676908016205,0.2283414900302887,1.0,-0.06764938831951306,2.1262543695939553,0.1994675613392367,1.0,0.9937349033816425
lr_too_high,0,200,0.01755577139556408,0.20610716938972473,1.0,-0.1878923868830346,2.1181893361935966,0.19912090771466345,1.0,0.9890549516908212
lr_too_high,1,0,355938402304.0,378644594688.0,0.125,-0.6078402934366316,0.19109861137487708,0.1515494353727042,0.5416666666666666,0.5726902173913043
lr_too_high,1,1,4439910400.0,4667803136.0,0.2916666666666667,-0.5191752275690867,0.3268774978219953,0.1539610917593175,0.875,0.738149154589372
lr_too_high,1,2,19685030.0,21094132.0,0.4166666666666667,-0.6113447314774838,0.5226352675814611,0.1575038789174379,0.9583333333333334,0.8512228260869565
lr_too_high,1,3,2453951.75,2590408.5,0.75,-0.4810651406541124,0.7319043286719578,0.15862570183356095,0.9583333333333334,0.9338768115942029
lr_too_high,1,4,167095.71875,181124.34375,0.9166666666666666,-0.43709411936428477,0.881275602866237,0.15927811885912213,0.9583333333333334,0.9322161835748792
lr_too_high,1,5,26217.951171875,26846.861328125,0.9166666666666666,-0.36861691852730616,1.0258366721690926,0.1609224754651332,1.0,0.9556159420289855
lr_too_high,1,7,282.3151550292969,295.4144287109375,1.0,-0.18390676970436204,1.2509566248794748,0.16385715084551733,1.0,0.9858846618357487
lr_too_high,1,10,7.316753387451172,7.30179500579834,1.0,-0.039595082135986004,1.4414830693736593,0.16514285359932251,1.0,0.9944142512077294
lr_too_high,1,15,4040.53173828125,4133.73583984375,1.0,0.041471791334488195,1.6479408808447165,0.16934714429978595,1.0,0.9963013285024155
lr_too_high,1,20,14.337296485900879,16.79652214050293,1.0,0.09692613724748839,1.846928845853043,0.1720721100722533,1.0,0.9975845410628019
lr_too_high,1,30,2.5126962661743164,2.754903554916382,1.0,0.2062009335519484,1.9989733907265324,0.17570527292508775,1.0,0.9990942028985508
lr_too_high,1,50,0.7982434630393982,1.2512673139572144,1.0,0.29779466756475514,2.0639209817105293,0.18797507565575508,1.0,0.9996225845410628
lr_too_high,1,75,0.14145494997501373,0.5086638331413269,1.0,0.2665240289292685,2.030092167096468,0.1918443027071211,1.0,0.9993961352657005
lr_too_high,1,100,0.06951691955327988,0.4193950891494751,1.0,0.2565315929164855,2.018323680650487,0.19917752087614501,1.0,0.9993961352657005
lr_too_high,1,150,0.01908869855105877,0.3885332942008972,1.0,0.1702518407456033,1.9984725213864756,0.20169929529368083,1.0,0.9989432367149759
lr_too_high,1,200,0.010519042611122131,0.382897287607193,1.0,0.06293747859643839,1.9973046734836766,0.2006480667158184,1.0,0.9984903381642513
lr_too_high,2,0,130512379904.0,135130357760.0,0.041666666666666664,-0.5273726616237503,0.14954592430283786,0.16125536233333565,0.3333333333333333,0.49622584541062803
lr_too_high,2,1,1140840960.0,1087912704.0,0.20833333333333334,-0.45869245084985744,0.24496226763329979,0.1580402148933906,0.9166666666666666,0.6232638888888888
lr_too_high,2,2,17095802.0,16513463.0,0.4166666666666667,-0.28417591789566865,0.4702771009651998,0.15768017651969468,1.0,0.8915307971014492
lr_too_high,2,3,911495.0,1005382.5,0.9166666666666666,-0.18308356650986785,0.6609116212862866,0.1596589887903506,1.0,0.9737318840579711
lr_too_high,2,4,1226.4373779296875,1233.316650390625,1.0,-0.07625196310149185,0.8363287004911829,0.16060658038770098,1.0,0.9883001207729468
lr_too_high,2,5,2393.276611328125,2499.0986328125,1.0,-0.11187170311268374,0.9937724267519505,0.16111931314124747,1.0,0.9935084541062802
lr_too_high,2,7,416.3484191894531,388.5728759765625,1.0,-0.14118287903958437,1.2431647441867635,0.1639383439395694,1.0,0.9940368357487923
lr_too_high,2,10,125.35518646240234,124.313720703125,1.0,-0.07898550922357706,1.543845112627033,0.1659931724942614,1.0,0.9941878019323671
lr_too_high,2,15,3.521808624267578,3.4723916053771973,1.0,-0.09493366350239124,1.7567307403847081,0.16967854449877065,1.0,0.9929800724637681
lr_too_high,2,20,163.5374298095703,162.39480590820312,1.0,-0.1662543971272148,1.9104891669253592,0.17178127421840408,1.0,0.9925271739130435
lr_too_high,2,30,2.2546210289001465,2.3280346393585205,1.0,-0.10046989239839133,2.0757586936118564,0.18338469072765953,1.0,0.9904136473429952
lr_too_high,2,50,0.6178019046783447,0.8761699795722961,1.0,-0.042570152133067474,2.135013765936901,0.18698549095007624,1.0,0.9933574879227053
lr_too_high,2,75,0.07542227953672409,0.3921833634376526,1.0,-0.0721479018737527,2.094917213948044,0.1893448703547246,1.0,0.9926781400966184
lr_too_high,2,100,0.06626953184604645,0.37452349066734314,1.0,-0.10823033731775572,2.07582187343875,0.19311073791716374,1.0,0.9910175120772947
lr_too_high,2,150,0.008052953518927097,0.3184400200843811,1.0,-0.12848885878802524,2.076591683420619,0.19675120659754267,1.0,0.9907155797101449
lr_too_high,2,200,0.027370106428861618,0.31587517261505127,1.0,-0.10777329035042582,2.074419259898218,0.1958286299015017,1.0,0.9915458937198067
no_skip,0,0,8.509766578674316,7.991753578186035,0.0,-0.5316445274865438,0.14861995033486483,0.16236764935925344,0.4583333333333333,0.47207125603864736
no_skip,0,1,8.417961120605469,7.909724712371826,0.0,-0.5324635376597465,0.14795278431191194,0.16232975593964116,0.4583333333333333,0.4695803140096618
no_skip,0,2,8.260137557983398,7.770244598388672,0.0,-0.536665103624565,0.14705302675824528,0.16234703735934092,0.4583333333333333,0.4670138888888889
no_skip,0,3,7.9020586013793945,7.462471008300781,0.0,-0.5438669486303382,0.14559166864199266,0.16237419878930537,0.5416666666666666,0.4639945652173913
no_skip,0,4,7.293738842010498,7.027695655822754,0.0,-0.5506778712860468,0.1441819764983442,0.1623869942546394,0.5416666666666666,0.46293780193236717
no_skip,0,5,6.919002056121826,6.695770740509033,0.0,-0.5511662626056039,0.143961903034348,0.16234367134773964,0.5416666666666666,0.4613526570048309
no_skip,0,7,5.23281717300415,5.179187297821045,0.0,-0.5498532993678624,0.1436480923129261,0.16226604224143243,0.5,0.4600694444444444
no_skip,0,10,4.007790565490723,4.031150817871094,0.0,-0.5466016602467941,0.1423251705448485,0.16209020233655644,0.5416666666666666,0.45795591787439616
no_skip,0,15,3.261394500732422,3.361971616744995,0.0,-0.5416522270900609,0.1424934021841876,0.16211277678523808,0.5,0.4571256038647343
no_skip,0,20,2.075913190841675,2.2370712757110596,0.0,-0.5439121347161721,0.1434443550502291,0.1618854731346262,0.5,0.46059782608695654
no_skip,0,30,1.5681920051574707,1.7718533277511597,0.0,-0.5490546642910252,0.143979194452368,0.16181613241222825,0.5,0.4635416666666667
no_skip,0,50,1.2393403053283691,1.5882004499435425,0.0,-0.5522148699600711,0.14317473956196672,0.16190939637450177,0.5,0.4590126811594203
no_skip,0,75,0.9256439805030823,1.4827497005462646,0.0,-0.5583354593845932,0.14337547522545183,0.16193616739326835,0.5,0.4628623188405797
no_skip,0,100,0.7597752213478088,1.4388537406921387,0.0,-0.5626333417492531,0.14419025949775213,0.16159422889728628,0.5,0.4670138888888889
no_skip,0,150,0.5296666026115417,1.4136985540390015,0.0,-0.5626193143047263,0.14427469121677297,0.16109404688940612,0.5,0.4709390096618358
no_skip,0,200,0.38983914256095886,1.4315654039382935,0.0,-0.5606753761776352,0.14408585813314032,0.1610992055169773,0.5416666666666666,0.4702596618357488
no_skip,1,0,5.688031196594238,6.079995155334473,0.125,-0.6078403264461517,0.19109860820002056,0.15154943610190452,0.5416666666666666,0.5726902173913043
no_skip,1,1,5.680116653442383,6.0690388679504395,0.125,-0.6046753330181399,0.19128783689848317,0.15154124524390472,0.5416666666666666,0.5732940821256038
no_skip,1,2,5.669453144073486,6.053736686706543,0.125,-0.6028967968128692,0.19189983672849356,0.15155525743714676,0.5416666666666666,0.5754830917874396
no_skip,1,3,5.657734394073486,6.03652811050415,0.125,-0.6012803707537142,0.19260055455699285,0.15156706371439543,0.5416666666666666,0.576237922705314
no_skip,1,4,5.637210369110107,6.010568141937256,0.125,-0.5997619243746044,0.19304515745481846,0.15161732546456416,0.5416666666666666,0.5771437198067633
no_skip,1,5,5.53187894821167,5.899384498596191,0.125,-0.5980158208969201,0.1937320676672528,0.15170582925805298,0.5416666666666666,0.5782004830917874
no_skip,1,7,4.450912952423096,4.80021858215332,0.125,-0.5879699773549122,0.1961340246118779,0.15193215451880782,0.5416666666666666,0.5871074879227053
no_skip,1,10,3.8273673057556152,4.146492958068848,0.125,-0.5872673589655123,0.1960194469710511,0.15189843039722062,0.5416666666666666,0.5880132850241546
no_skip,1,15,2.8761608600616455,3.1307015419006348,0.125,-0.5887550147391118,0.19495850134686224,0.1516077809136689,0.5416666666666666,0.589447463768116
no_skip,1,20,1.97248375415802,2.178501844406128,0.125,-0.5971774909913642,0.19130324252145262,0.15140128411570022,0.5416666666666666,0.5814462560386473
no_skip,1,30,1.5830979347229004,1.8979370594024658,0.125,-0.5986946091900215,0.19014637905513623,0.15120708386826484,0.5416666666666666,0.5812952898550725
no_skip,1,50,1.1940791606903076,1.709780216217041,0.125,-0.6006152604287861,0.19062436868162816,0.15088814790858285,0.5416666666666666,0.5851449275362319
no_skip,1,75,0.9762279987335205,1.689944863319397,0.125,-0.6002740959483204,0.19192976220886107,0.15075899675343027,0.5416666666666666,0.5883152173913043
no_skip,1,100,0.7620896697044373,1.7479008436203003,0.08333333333333333,-0.6015739234288101,0.19216095645584694,0.15073326982494764,0.5416666666666666,0.5893719806763285
no_skip,1,150,0.5109559893608093,1.9456517696380615,0.08333333333333333,-0.604249502152048,0.19048400643845617,0.15073381345860834,0.5416666666666666,0.5869565217391305
no_skip,1,200,0.4047695994377136,2.178354501724243,0.08333333333333333,-0.5990723297302101,0.1909168570871984,0.15057730860846566,0.5416666666666666,0.5902022946859904
no_skip,2,0,5.67899227142334,5.750276565551758,0.041666666666666664,-0.5273726624528665,0.14954592537887593,0.16125536210495242,0.3333333333333333,0.49622584541062803
no_skip,2,1,5.67190408706665,5.741532325744629,0.041666666666666664,-0.525567599310181,0.149784978655941,0.16125804253795706,0.3333333333333333,0.49705615942028986
no_skip,2,2,5.661731719970703,5.728601932525635,0.041666666666666664,-0.5257891366483732,0.14989703011470376,0.1612697872924173,0.3333333333333333,0.4963013285024155
no_skip,2,3,5.650825500488281,5.713845252990723,0.041666666666666664,-0.5277071861827405,0.14971126788629732,0.16130209864152936,0.3333333333333333,0.49532004830917875
no_skip,2,4,5.643099784851074,5.703047752380371,0.041666666666666664,-0.5331832863140589,0.149431363868392,0.16131855081431049,0.3333333333333333,0.49494263285024154
no_skip,2,5,5.628061294555664,5.686248302459717,0.041666666666666664,-0.5368098039121988,0.14922150503631934,0.16137161371319372,0.3333333333333333,0.4936594202898551
no_skip,2,7,5.404374599456787,5.456793785095215,0.041666666666666664,-0.5366846473779255,0.14907160676578482,0.16161827178405844,0.3333333333333333,0.49230072463768115
no_skip,2,10,3.889927387237549,3.980665922164917,0.041666666666666664,-0.5368798260529379,0.1477601451886512,0.16185984645882553,0.3333333333333333,0.48429951690821255
no_skip,2,15,2.4988348484039307,2.7387099266052246,0.041666666666666664,-0.5333019185174239,0.14792343073415204,0.16180940974624103,0.3333333333333333,0.4806763285024155
no_skip,2,20,1.3484768867492676,1.5527898073196411,0.041666666666666664,-0.5251043608212048,0.1476833254236651,0.16160501165192662,0.2916666666666667,0.4804498792270531
no_skip,2,30,1.076908826828003,1.3209177255630493,0.041666666666666664,-0.5210122628001902,0.1472829875033166,0.1615196476163225,0.2916666666666667,0.47992149758454106
no_skip,2,50,0.8322705030441284,1.1345338821411133,0.041666666666666664,-0.5239858944294101,0.14695383697619657,0.16148901778811436,0.2916666666666667,0.4776570048309179
no_skip,2,75,0.6080829501152039,0.9780712127685547,0.041666666666666664,-0.5172110684691158,0.14680456363601802,0.16143009489383725,0.2916666666666667,0.47863828502415456
no_skip,2,100,0.5182352662086487,1.0016350746154785,0.041666666666666664,-0.5170995626201091,0.146639052765114,0.16132817199515684,0.2916666666666667,0.47841183574879226
no_skip,2,150,0.3430730700492859,1.0120933055877686,0.0,-0.5201544193827364,0.1447827179428844,0.16120978806166583,0.2916666666666667,0.47282608695652173
no_skip,2,200,0.2385839819908142,1.0693644285202026,0.0,-0.5221168299926635,0.1444231042445052,0.16152723606234956,0.3333333333333333,0.47018417874396135
high_weight_decay,0,0,221320871936.0,210029969408.0,0.0,-0.5316445362958541,0.14861994977740664,0.16236764886155997,0.4583333333333333,0.47207125603864736
high_weight_decay,0,1,1550286080.0,1544424576.0,0.0,-0.5229940119144885,0.14763414105453587,0.16181840811728515,0.5,0.4717693236714976
high_weight_decay,0,2,8729821.0,9087328.0,0.0,-0.511290493712818,0.14757597892920518,0.16133287373910796,0.5,0.4735054347826087
high_weight_decay,0,3,715423.375,760298.5,0.0,-0.49814985099850884,0.14803983303849547,0.1608979916959067,0.5,0.4778834541062802
high_weight_decay,0,4,94471.015625,121494.140625,0.0,-0.48869076420395874,0.14830449268385568,0.16054599582207824,0.5,0.47780797101449274
high_weight_decay,0,5,11941.970703125,15809.1630859375,0.0,-0.4830042794413991,0.14820105781375914,0.16031612610679585,0.5,0.4765247584541063
high_weight_decay,0,7,922.358642578125,955.2837524414062,0.0,-0.47293568608639586,0.14693740237857333,0.1601516603021606,0.5,0.4739583333333333
high_weight_decay,0,10,22.85511016845703,27.977230072021484,0.0,-0.4847379451891986,0.14320761114183986,0.16028851726778032,0.4583333333333333,0.4641455314009662
high_weight_decay,0,15,3.938589096069336,3.7881665229797363,0.0,-0.5121708606818812,0.13702598865478222,0.16086806772962223,0.4166666666666667,0.4437650966183575
high_weight_decay,0,20,2.3310651779174805,2.3821730613708496,0.0,-0.5378304312140713,0.13941325513422725,0.1618741525199757,0.3333333333333333,0.45282306763285024
high_weight_decay,0,30,1.924734354019165,1.9529236555099487,0.0,-0.6047069521319981,0.16033776221775853,0.1635392296168238,0.3333333333333333,0.5079257246376812
high_weight_decay,0,50,2.8542816638946533,2.6691925525665283,0.25,-0.43436777924504366,0.3298278124234499,0.15908731636903392,0.041666666666666664,0.8045742753623188
high_weight_decay,0,75,3.663033962249756,3.437438726425171,0.7083333333333334,-0.4667318827749601,0.5883483464568252,0.16363588768692613,0.0,0.9674667874396136
high_weight_decay,0,100,4.00147819519043,3.774036169052124,0.7916666666666666,-0.38277658412520044,0.6364310796283207,0.17781095423723112,0.0,0.9809782608695652
high_weight_decay,0,150,4.051731109619141,3.827831983566284,0.5,-0.46894464532320135,0.5091637403902476,0.21145822162121883,0.0,0.9085899758454107
high_weight_decay,0,200,4.042089939117432,3.8195033073425293,0.16666666666666666,-0.7403383577001067,0.3881064933735181,0.21884080189407337,0.0,0.7592089371980676
high_weight_decay,1,0,355938402304.0,378644594688.0,0.125,-0.6078402934366316,0.19109861137487708,0.1515494353727042,0.5416666666666666,0.5726902173913043
high_weight_decay,1,1,483336288.0,529029216.0,0.125,-0.6113940154425911,0.18922844668889796,0.15108479136480601,0.5416666666666666,0.5682367149758454
high_weight_decay,1,2,8062879.0,8354995.0,0.125,-0.6071898044154344,0.1873026330732749,0.15097094534206706,0.5416666666666666,0.5624245169082126
high_weight_decay,1,3,864206.3125,841636.25,0.125,-0.6085799096458432,0.18520159077575785,0.15112091044488227,0.5833333333333334,0.5577445652173914
high_weight_decay,1,4,68730.8828125,68662.1796875,0.125,-0.6216440575680311,0.18396872763500638,0.15137777773577105,0.5833333333333334,0.5516304347826086
high_weight_decay,1,5,12412.0546875,11827.505859375,0.125,-0.641091834642243,0.1828568695422205,0.1517483550039888,0.5833333333333334,0.5445350241545893
high_weight_decay,1,7,370.0946350097656,396.5644226074219,0.16666666666666666,-0.6831628932662367,0.18145620533057513,0.15269272570415604,0.625,0.538118961352657
high_weight_decay,1,10,11.86397647857666,12.375845909118652,0.08333333333333333,-0.7420431292724019,0.18187042446873067,0.15454688648171683,0.625,0.5384963768115942
high_weight_decay,1,15,4.264913082122803,4.52789831161499,0.041666666666666664,-0.7803488750990599,0.18675918693316618,0.1578837360511457,0.6666666666666666,0.5518568840579711
high_weight_decay,1,20,2.5466842651367188,2.738778829574585,0.041666666666666664,-0.7571953526472073,0.1836117874159314,0.15973291634435346,0.6666666666666666,0.5526871980676329
high_weight_decay,1,30,1.6017768383026123,1.6670043468475342,0.041666666666666664,-0.7515128554260126,0.15955995358273467,0.16062191183447347,0.5416666666666666,0.4889794685990338
high_weight_decay,1,50,1.9496455192565918,2.0466508865356445,0.125,-0.5272315111061401,0.2628075007348154,0.16198670645992463,0.041666666666666664,0.6708182367149759
high_weight_decay,1,75,2.528316020965576,2.6740331649780273,0.6666666666666666,-0.18450741103193335,0.573585658178687,0.1624376237332458,0.0,0.9714673913043478
high_weight_decay,1,100,2.75244402885437,2.91772723197937,1.0,-0.06950799574804722,0.6483378153151476,0.17696035005195124,0.0,0.9901871980676329
high_weight_decay,1,150,2.798128366470337,2.9543843269348145,0.7916666666666666,-0.2202727525667264,0.522497986782205,0.20112843469061895,0.0,0.9466334541062802
high_weight_decay,1,200,2.7895255088806152,2.9483070373535156,0.375,-0.3923060665910303,0.4115768469988164,0.21419334897026093,0.0,0.8198218599033816
high_weight_decay,2,0,130512379904.0,135130357760.0,0.041666666666666664,-0.5273726616237503,0.14954592430283786,0.16125536233333565,0.3333333333333333,0.49622584541062803
high_weight_decay,2,1,241751296.0,214755136.0,0.041666666666666664,-0.5357011440961944,0.14851122493980082,0.16124252484805382,0.3333333333333333,0.49245169082125606
high_weight_decay,2,2,8439557.0,8183148.5,0.041666666666666664,-0.5433257307576789,0.14658918136111918,0.16104953526207064,0.3333333333333333,0.48641304347826086
high_weight_decay,2,3,768556.8125,732530.5,0.041666666666666664,-0.5446986416438341,0.1442714130427955,0.1606492957696275,0.2916666666666667,0.48331823671497587
high_weight_decay,2,4,87611.6875,91681.21875,0.041666666666666664,-0.524909589245754,0.14233038853604377,0.1601224472343313,0.2916666666666667,0.4796195652173913
high_weight_decay,2,5,27903.80078125,28324.37109375,0.041666666666666664,-0.5018944640959146,0.13976072049762464,0.15959561929327098,0.3333333333333333,0.47433574879227053
high_weight_decay,2,7,821.1582641601562,777.9072875976562,0.0,-0.48821081617130513,0.13303221529836337,0.15873717957257455,0.3333333333333333,0.45840881642512077
high_weight_decay,2,10,29.349266052246094,29.554208755493164,0.0,-0.560039035354498,0.12109113586321314,0.15828680127662012,0.3333333333333333,0.41719504830917875
high_weight_decay,2,15,4.017403602600098,4.216065883636475,0.041666666666666664,-0.5142458158158254,0.11565323655910108,0.15882391264006968,0.4583333333333333,0.39439915458937197
high_weight_decay,2,20,2.312163829803467,2.361884593963623,0.041666666666666664,-0.496522732010674,0.11805992505524736,0.15994913519487516,0.4583333333333333,0.39553140096618356
high_weight_decay,2,30,1.3908576965332031,1.3566181659698486,0.041666666666666664,-0.5173222021291081,0.1259014832768788,0.16100422624202268,0.5,0.4164402173913043
high_weight_decay,2,50,1.9702473878860474,1.9543566703796387,0.20833333333333334,-0.6407185498075819,0.23885519311718104,0.15889166858359055,0.08333333333333333,0.6709692028985508
high_weight_decay,2,75,2.504261016845703,2.506488800048828,0.5416666666666666,-0.4295431708137436,0.5116173813002821,0.15132248893034272,0.041666666666666664,0.9261020531400966
high_weight_decay,2,100,2.576324462890625,2.599170446395874,0.7916666666666666,-0.3213259135726797,0.6217737818169805,0.17038760470980951,0.0,0.9719202898550725
high_weight_decay,2,150,2.514270305633545,2.5460054874420166,0.4166666666666667,-0.263476915759961,0.5075056737215938,0.20600329878635917,0.0,0.9169685990338164
high_weight_decay,2,200,2.562554359436035,2.596785068511963,0.16666666666666666,-0.5180352835654551,0.37755568432064307,0.2101450137397439,0.0,0.782457729468599
small_init,0,0,8.357144355773926,7.837307453155518,0.0,-0.5316445353267217,0.14861995017301252,0.1623676494812665,0.4583333333333333,0.47207125603864736
small_init,0,1,4.74190092086792,4.630002021789551,0.5416666666666666,-0.33407784707086063,0.6309552359641968,0.34964678936582977,0.0,0.9016455314009661
small_init,0,2,2.808959722518921,2.6611428260803223,0.375,-0.5308611843481441,0.4858532349648381,0.22769962886347647,0.0,0.9002868357487923
small_init,0,3,1.4732362031936646,1.631827712059021,0.7083333333333334,-0.46667847607002205,0.5916803733325952,0.22970242269793287,0.0,0.951237922705314
small_init,0,4,1.3604986667633057,1.5278671979904175,0.625,-0.46420160749118544,0.5695359606586982,0.22693193579700985,0.0,0.9439915458937198
small_init,0,5,1.274397850036621,1.4790716171264648,0.375,-0.5169232805441261,0.5239157892537246,0.23159203943901716,0.0,0.9139492753623188
small_init,0,7,1.1256906986236572,1.3113096952438354,0.125,-0.833946890751078,0.44029537147766235,0.24849648272866862,0.0,0.802536231884058
small_init,0,10,0.9883667230606079,1.1495951414108276,0.08333333333333333,-0.6433866631674214,0.3863094235222236,0.2587184824940191,0.08333333333333333,0.7067481884057971
small_init,0,15,0.4231756925582886,0.5941537022590637,0.20833333333333334,-0.601579419458113,0.4437672019653494,0.27053247854181117,0.20833333333333334,0.7319595410628019
small_init,0,20,0.2645469903945923,0.45440673828125,0.2916666666666667,-0.6445455114796995,0.4519715305556488,0.2705571042002223,0.20833333333333334,0.725618961352657
small_init,0,30,0.11396536231040955,0.2721433639526367,0.20833333333333334,-0.7286087186013108,0.42234295958232354,0.26725302544279583,0.20833333333333334,0.6854619565217391
small_init,0,50,0.033686213195323944,0.1610480695962906,0.125,-0.8035466026222735,0.374158768048696,0.2626364653976764,0.3333333333333333,0.6209993961352657
small_init,0,75,0.031241102144122124,0.1467735767364502,0.08333333333333333,-0.9036285457994259,0.3620998635452819,0.263150892091313,0.4583333333333333,0.6071105072463768
small_init,0,100,0.013753730803728104,0.12427525222301483,0.08333333333333333,-0.9566383421429407,0.34827122373664093,0.2607310206998933,0.4583333333333333,0.5965428743961353
small_init,0,150,0.009406566619873047,0.11237368732690811,0.125,-0.906118761395288,0.32598686465231524,0.2585005839513566,0.4166666666666667,0.5734450483091788
small_init,0,200,0.0032501360401511192,0.1025099977850914,0.20833333333333334,-0.9276582071418629,0.31635181186586336,0.25702081634870627,0.4166666666666667,0.5515549516908212
small_init,1,0,5.50892972946167,5.869228363037109,0.125,-0.6078403175564191,0.19109860775502652,0.15154943545305996,0.5416666666666666,0.5726902173913043
small_init,1,1,3.4977617263793945,3.6207456588745117,0.75,-0.2275254690981503,0.5266504188019968,0.17796740170781583,0.0,0.9667119565217391
small_init,1,2,1.4156287908554077,1.4588935375213623,0.6666666666666666,-0.2148886101319315,0.5180894889601715,0.19436858005705987,0.0,0.9541817632850241
small_init,1,3,1.215932011604309,1.2697499990463257,0.5833333333333334,-0.21516204443510584,0.5183718322564973,0.19799012018401455,0.0,0.9495772946859904
small_init,1,4,1.2155351638793945,1.289426565170288,0.5,-0.22874304307983329,0.5243504081391375,0.19972555453700944,0.0,0.9536533816425121
small_init,1,5,1.1571286916732788,1.2628918886184692,0.5,-0.2049498713946979,0.5145397848999654,0.19697659621908833,0.0,0.9498792270531401
small_init,1,7,1.120276689529419,1.2532274723052979,0.3333333333333333,-0.23774395049286912,0.4848996365653228,0.19479632330546356,0.0,0.9341032608695652
small_init,1,10,1.060518741607666,1.2513020038604736,0.3333333333333333,-0.20464719260925557,0.4940932260706661,0.20027703655733103,0.0,0.9281400966183575
small_init,1,15,0.7943305373191833,1.0738073587417603,0.3333333333333333,-0.28663190809625644,0.4979405521068032,0.2145136844292117,0.0,0.8922856280193237
small_init,1,20,0.4562179446220398,0.7457277178764343,0.375,-0.49770661708323394,0.46335546952803663,0.22507315787915133,0.08333333333333333,0.7801932367149759
small_init,1,30,0.13718947768211365,0.362837016582489,0.25,-0.6708937234997439,0.4603311715281954,0.2385329516689151,0.20833333333333334,0.7337711352657005
small_init,1,50,0.028570372611284256,0.20909787714481354,0.20833333333333334,-0.7134597726131952,0.4695949747841785,0.24548217506449876,0.25,0.7411684782608695
small_init,1,75,0.0062718577682971954,0.1681280881166458,0.25,-0.7106314552853312,0.45903228395177803,0.24262615543285904,0.25,0.7334692028985508
small_init,1,100,0.007189929950982332,0.16394948959350586,0.25,-0.7414605090697114,0.44644102291280263,0.24053324255719657,0.25,0.7281853864734299
small_init,1,150,0.004037295468151569,0.15431490540504456,0.25,-0.7644773547736157,0.42354856441308253,0.23783264175519872,0.25,0.699350845410628
small_init,1,200,0.006777810864150524,0.14717334508895874,0.2916666666666667,-0.7377556377082871,0.4049219978964089,0.23621326774205487,0.3333333333333333,0.6878019323671497
small_init,2,0,5.585241317749023,5.6339335441589355,0.041666666666666664,-0.5273726693301467,0.14954592259230728,0.16125536251172926,0.3333333333333333,0.49622584541062803
small_init,2,1,3.2517876625061035,3.2413580417633057,0.75,-0.23541533796884806,0.5511175499852479,0.17228700307118308,0.0,0.9817330917874396
small_init,2,2,0.8834337592124939,0.8606805205345154,0.625,-0.26327988425057447,0.5172053749468845,0.18582100938815369,0.0,0.9558423913043478
small_init,2,3,0.8628198504447937,0.834152340888977,0.625,-0.22257726562739671,0.48694528207503524,0.1856908377570056,0.0,0.939387077294686
small_init,2,4,0.7655657529830933,0.7954350709915161,0.625,-0.21760502323445108,0.47521690687563173,0.18236848936428365,0.0,0.9472373188405797
small_init,2,5,0.7361215949058533,0.7892241477966309,0.5,-0.21462971908707196,0.4726327134926267,0.1836000280791862,0.0,0.947463768115942
small_init,2,7,0.6711827516555786,0.7437562942504883,0.5416666666666666,-0.2062743880473859,0.4710026955670821,0.18616372128663344,0.0,0.9432367149758454
small_init,2,10,0.6437011957168579,0.7541325092315674,0.5416666666666666,-0.19869214269370772,0.46611282214236843,0.19203775613075405,0.0,0.9338768115942029
small_init,2,15,0.47730591893196106,0.6461096405982971,0.20833333333333334,-0.35107512737486013,0.45481854159185003,0.20193403365986545,0.0,0.8894927536231884
small_init,2,20,0.3783574104309082,0.5914693474769592,0.125,-0.44217554753172705,0.44397217985036513,0.2110853766288097,0.041666666666666664,0.8301630434782609
small_init,2,30,0.09060876816511154,0.2510509192943573,0.25,-0.5771138998523215,0.44732300019192217,0.22352919806649596,0.125,0.7804951690821256
small_init,2,50,0.029240788891911507,0.15903624892234802,0.25,-0.5275455854101252,0.4567579939484878,0.2322618587122824,0.16666666666666666,0.7894021739130435
small_init,2,75,0.017759883776307106,0.14275409281253815,0.25,-0.4356475889995394,0.454322252063885,0.22860233256893203,0.16666666666666666,0.8008756038647343
small_init,2,100,0.005004367791116238,0.12224872410297394,0.25,-0.42903085903237465,0.45093156125797873,0.22544904834183546,0.16666666666666666,0.8098580917874396
small_init,2,150,0.004712828900665045,0.11916997283697128,0.16666666666666666,-0.41188496475769865,0.43857591955230674,0.21914371915150313,0.16666666666666666,0.8126509661835749
small_init,2,200,0.0042246123775839806,0.11268086731433868,0.16666666666666666,-0.3914282025555651,0.41877221844425283,0.21335074972926973,0.16666666666666666,0.8059329710144928
